filename,x_label,y_value
cropped_page_2.png,2007.04,13.39M
cropped_page_2.png,2007.07,13.37M
cropped_page_2.png,2007.10,13.39M
cropped_page_2.png,2008.01,13.39M
cropped_page_2.png,2008.04,13.39M
cropped_page_2.png,2008.07,13.39M
cropped_page_2.png,2008.10,13.39M
cropped_page_2.png,2009.01,12.53M
cropped_page_2.png,2009.04,12.54M
cropped_page_2.png,2009.07,12.54M
cropped_page_2.png,2009.10,12.54M
cropped_page_2.png,2010.01,12.53M
cropped_page_2.png,2010.04,12.54M
cropped_page_2.png,2010.07,12.54M
cropped_page_2.png,2010.10,12.54M
cropped_page_2.png,2011.01,12.53M
cropped_page_2.png,2011.04,12.54M
cropped_page_2.png,2011.07,12.54M
cropped_page_2.png,2011.10,12.54M
cropped_page_2.png,2012.01,12.54M
cropped_page_2.png,2012.04,12.54M
cropped_page_2.png,2012.07,12.54M
cropped_page_2.png,2012.10,12.54M
cropped_page_2.png,2013.01,12.54M
cropped_page_2.png,2013.04,12.54M
cropped_page_2.png,2013.07,12.54M
cropped_page_2.png,2013.10,12.54M
cropped_page_2.png,2014.01,12.54M
cropped_page_2.png,2014.04,12.54M
cropped_page_2.png,2014.07,12.54M
cropped_page_2.png,2014.10,12.54M
cropped_page_2.png,2015.01,12.54M
cropped_page_2.png,2015.04,12.54M
cropped_page_2.png,2015.07,12.54M
cropped_page_2.png,2015.10,10M
cropped_page_2.png,2016.01,10M
cropped_page_2.png,2016.04,10M
cropped_page_2.png,2016.07,13.20M
cropped_page_2.png,2016.10,13.24M
cropped_page_2.png,2017.01,13.22M
cropped_page_2.png,2017.04,13.24M
cropped_page_2.png,2017.07,13.24M
cropped_page_2.png,2017.10,13.24M
cropped_page_2.png,2018.01,13.24M
cropped_page_2.png,2018.04,13.24M
cropped_page_2.png,2018.07,13.24M
cropped_page_2.png,2018.10,13.24M
cropped_page_2.png,2019.01,13.22M
cropped_page_2.png,2019.04,13.24M
cropped_page_2.png,2019.07,13.24M
cropped_page_2.png,2019.10,13.25M
cropped_page_2.png,2020.01,13.24M
cropped_page_2.png,2020.04,13.24M
cropped_page_2.png,2020.07,13.24M
cropped_page_2.png,2020.10,13.24M
cropped_page_2.png,2021.01,13.24M
cropped_page_2.png,2021.04,13.24M
cropped_page_2.png,2021.07,13.34M
cropped_page_2.png,2021.10,13.31M
cropped_page_2.png,2022.01,13.34M
cropped_page_2.png,2022.04,13.34M
cropped_page_2.png,2022.07,13.39M
cropped_page_2.png,2022.10,13.37M
cropped_page_2.png,2023.01,13.37M
cropped_page_2.png,2023.04,13.39M
cropped_page_2.png,2023.07,13.39M
cropped_page_2.png,2023.10,13.39M
cropped_page_2.png,2024.01,13.37M
cropped_page_2.png,2024.04,13.39M
cropped_page_2.png,2024.07,14.53M
cropped_page_2.png,2024.10,14.54M
cropped_page_2.png,2025.01,14.53M
cropped_page_2.png,2025.04,14.53M
cropped_page_2.png,2025.07,14.53M
cropped_page_2.png,2025.10,14.53M
cropped_page_3.png,2007.01,9.71M
cropped_page_3.png,2007.04,9.71M
cropped_page_3.png,2007.07,9.71M
cropped_page_3.png,2007.10,9.71M
cropped_page_3.png,2008.01,9.71M
cropped_page_3.png,2008.04,9.71M
cropped_page_3.png,2008.07,9.71M
cropped_page_3.png,2008.10,9.71M
cropped_page_3.png,2009.01,9.71M
cropped_page_3.png,2009.04,9.71M
cropped_page_3.png,2009.07,9.71M
cropped_page_3.png,2009.10,9.71M
cropped_page_3.png,2010.01,9.71M
cropped_page_3.png,2010.04,9.71M
cropped_page_3.png,2010.07,9.71M
cropped_page_3.png,2010.10,9.71M
cropped_page_3.png,2011.01,9.71M
cropped_page_3.png,2011.04,9.71M
cropped_page_3.png,2011.07,9.71M
cropped_page_3.png,2011.10,9.71M
cropped_page_3.png,2012.01,9.71M
cropped_page_3.png,2012.04,9.71M
cropped_page_3.png,2012.07,9.71M
cropped_page_3.png,2012.10,9.71M
cropped_page_3.png,2013.01,9.71M
cropped_page_3.png,2013.04,9.71M
cropped_page_3.png,2013.07,9.71M
cropped_page_3.png,2013.10,9.71M
cropped_page_3.png,2014.01,9.71M
cropped_page_3.png,2014.04,9.71M
cropped_page_3.png,2014.07,9.71M
cropped_page_3.png,2014.10,9.71M
cropped_page_3.png,2015.01,9.71M
cropped_page_3.png,2015.04,9.71M
cropped_page_3.png,2015.07,9.71M
cropped_page_3.png,2015.10,9.71M
cropped_page_3.png,2016.01,9.71M
cropped_page_3.png,2016.04,9.71M
cropped_page_3.png,2016.07,9.71M
cropped_page_3.png,2016.10,9.71M
cropped_page_3.png,2017.01,9.71M
cropped_page_3.png,2017.04,9.71M
cropped_page_3.png,2017.07,9.71M
cropped_page_3.png,2017.10,9.71M
cropped_page_3.png,2018.01,9.71M
cropped_page_3.png,2018.04,9.71M
cropped_page_3.png,2018.07,9.71M
cropped_page_3.png,2018.10,9.71M
cropped_page_3.png,2019.01,9.71M
cropped_page_3.png,2019.04,9.71M
cropped_page_3.png,2019.07,9.71M
cropped_page_3.png,2019.10,9.71M
cropped_page_3.png,2020.01,9.71M
cropped_page_3.png,2020.04,9.71M
cropped_page_3.png,2020.07,9.71M
cropped_page_3.png,2020.10,9.71M
cropped_page_3.png,2021.01,9.71M
cropped_page_3.png,2021.04,9.71M
cropped_page_3.png,2021.07,9.71M
cropped_page_3.png,2021.10,9.71M
cropped_page_3.png,2022.01,9.71M
cropped_page_3.png,2022.04,9.71M
cropped_page_3.png,2022.07,9.71M
cropped_page_3.png,2022.10,9.71M
cropped_page_3.png,2023.01,9.71M
cropped_page_3.png,2023.04,9.71M
cropped_page_3.png,2023.07,9.71M
cropped_page_3.png,2023.10,9.71M
cropped_page_3.png,2024.01,9.71M
cropped_page_3.png,2024.04,9.71M
cropped_page_3.png,2024.07,9.71M
cropped_page_3.png,2024.10,9.71M
cropped_page_3.png,2025.01,9.71M
cropped_page_3.png,2025.04,9.71M
cropped_page_3.png,2025.07,9.71M
cropped_page_3.png,2025.10,9.71M
cropped_page_4.png,2022.10,6.53M
cropped_page_4.png,2023.01,6.53M
cropped_page_4.png,2023.04,6.53M
cropped_page_4.png,2023.07,6.53M
cropped_page_4.png,2023.10,6.53M
cropped_page_4.png,2024.01,6.53M
cropped_page_4.png,2024.04,6.53M
cropped_page_4.png,2024.07,6.37M
cropped_page_4.png,2024.10,6.36M
cropped_page_4.png,2025.01,6.37M
cropped_page_4.png,2025.04,6.36M
cropped_page_4.png,2025.07,6.37M
cropped_page_4.png,2025.10,6.36M
cropped_page_5.png,2020.01,5.83M
cropped_page_5.png,2020.04,5.83M
cropped_page_5.png,2020.07,5.83M
cropped_page_5.png,2020.10,5.83M
cropped_page_5.png,2021.01,5.83M
cropped_page_5.png,2021.04,5.83M
cropped_page_5.png,2021.07,5.75M
cropped_page_5.png,2021.10,5.75M
cropped_page_5.png,2021.13,5.75M
cropped_page_5.png,2022.01,5.75M
cropped_page_5.png,2022.04,5.75M
cropped_page_5.png,2022.07,5.75M
cropped_page_5.png,2023.01,5.75M
cropped_page_5.png,2023.04,5.75M
cropped_page_5.png,2023.07,5.75M
cropped_page_5.png,2023.10,5.75M
cropped_page_5.png,2024.01,5.75M
cropped_page_5.png,2024.04,5.75M
cropped_page_5.png,2024.07,5.51M
cropped_page_5.png,2024.10,5.51M
cropped_page_5.png,2025.01,5.51M
cropped_page_5.png,2025.04,5.51M
cropped_page_5.png,2025.07,5.51M
cropped_page_6.png,2007.07,4.55M
cropped_page_6.png,2007.10,4.55M
cropped_page_6.png,2008.01,4.55M
cropped_page_6.png,2008.04,4.55M
cropped_page_6.png,2008.07,4.55M
cropped_page_6.png,2008.10,4.55M
cropped_page_6.png,2009.01,4.55M
cropped_page_6.png,2009.04,4.55M
cropped_page_6.png,2009.07,4.55M
cropped_page_6.png,2009.10,4.55M
cropped_page_6.png,2010.01,4.55M
cropped_page_6.png,2010.04,4.55M
cropped_page_6.png,2010.07,4.55M
cropped_page_6.png,2010.10,4.55M
cropped_page_6.png,2011.01,4.55M
cropped_page_6.png,2011.04,4.55M
cropped_page_6.png,2011.07,4.55M
cropped_page_6.png,2011.10,4.55M
cropped_page_6.png,2012.01,4.55M
cropped_page_6.png,2012.04,4.55M
cropped_page_6.png,2012.07,4.55M
cropped_page_6.png,2012.10,4.55M
cropped_page_6.png,2013.01,4.55M
cropped_page_6.png,2013.04,4.55M
cropped_page_6.png,2013.07,4.55M
cropped_page_6.png,2013.10,4.55M
cropped_page_6.png,2014.01,4.55M
cropped_page_6.png,2014.04,4.55M
cropped_page_6.png,2014.07,4.55M
cropped_page_6.png,2014.10,4.55M
cropped_page_6.png,2015.01,4.55M
cropped_page_6.png,2015.04,4.55M
cropped_page_6.png,2015.07,4.55M
cropped_page_6.png,2015.10,4.55M
cropped_page_6.png,2016.01,4.55M
cropped_page_6.png,2016.04,4.55M
cropped_page_6.png,2016.07,4.55M
cropped_page_6.png,2016.10,4.55M
cropped_page_6.png,2017.01,4.55M
cropped_page_6.png,2017.04,4.55M
cropped_page_6.png,2017.07,4.55M
cropped_page_6.png,2017.10,4.55M
cropped_page_6.png,2018.01,4.55M
cropped_page_6.png,2018.04,4.55M
cropped_page_6.png,2018.07,4.55M
cropped_page_6.png,2018.10,4.55M
cropped_page_6.png,2019.01,4.55M
cropped_page_6.png,2019.04,4.55M
cropped_page_6.png,2019.07,4.55M
cropped_page_6.png,2019.10,4.55M
cropped_page_6.png,2020.01,4.55M
cropped_page_6.png,2020.04,4.55M
cropped_page_6.png,2020.07,4.55M
cropped_page_6.png,2020.10,4.55M
cropped_page_6.png,2021.01,4.55M
cropped_page_6.png,2021.04,4.55M
cropped_page_6.png,2021.07,4.55M
cropped_page_6.png,2021.10,4.55M
cropped_page_6.png,2022.01,4.55M
cropped_page_6.png,2022.04,4.55M
cropped_page_6.png,2022.07,4.55M
cropped_page_6.png,2022.10,4.55M
cropped_page_6.png,2023.01,4.55M
cropped_page_6.png,2023.04,4.55M
cropped_page_6.png,2023.07,4.55M
cropped_page_6.png,2023.10,4.55M
cropped_page_6.png,2024.01,4.55M
cropped_page_6.png,2024.04,4.55M
cropped_page_6.png,2024.07,4.55M
cropped_page_6.png,2024.10,4.55M
cropped_page_6.png,2025.01,4.55M
cropped_page_6.png,2025.04,4.55M
cropped_page_6.png,2025.07,4.55M
cropped_page_6.png,2025.10,4.55M
cropped_page_7.png,2016.01,4.20M
cropped_page_7.png,2016.04,4.46M
cropped_page_7.png,2016.07,3.74M
cropped_page_7.png,2016.10,3.74M
cropped_page_7.png,2017.01,3.74M
cropped_page_7.png,2017.04,3.74M
cropped_page_7.png,2017.07,3.74M
cropped_page_7.png,2017.10,3.74M
cropped_page_7.png,2018.01,3.74M
cropped_page_7.png,2018.04,3.74M
cropped_page_7.png,2018.07,3.74M
cropped_page_7.png,2018.10,3.74M
cropped_page_7.png,2019.01,3.74M
cropped_page_7.png,2019.04,3.74M
cropped_page_7.png,2019.07,3.47M
cropped_page_7.png,2019.10,3.47M
cropped_page_7.png,2020.01,3.47M
cropped_page_7.png,2020.04,3.47M
cropped_page_7.png,2020.07,3.47M
cropped_page_7.png,2020.10,3.47M
cropped_page_7.png,2021.01,3.47M
cropped_page_7.png,2021.04,3.47M
cropped_page_7.png,2021.07,3.46M
cropped_page_7.png,2021.10,3.46M
cropped_page_7.png,2022.01,3.46M
cropped_page_7.png,2022.04,3.46M
cropped_page_7.png,2022.07,3.46M
cropped_page_7.png,2022.10,3.46M
cropped_page_7.png,2023.01,3.46M
cropped_page_7.png,2023.04,3.46M
cropped_page_7.png,2023.07,3.46M
cropped_page_7.png,2023.10,3.46M
cropped_page_7.png,2023.13,3.46M
cropped_page_7.png,2024.01,3.46M
cropped_page_7.png,2024.04,3.47M
cropped_page_7.png,2024.07,3.47M
cropped_page_7.png,2025.01,3.47M
cropped_page_7.png,2025.04,3.47M
cropped_page_7.png,2025.07,3.47M
cropped_page_7.png,2025.10,3.46M
cropped_page_8.png,2023.04,3.1M
cropped_page_8.png,2023.05,3.1M
cropped_page_8.png,2023.06,3.1M
cropped_page_8.png,2023.07,3.1M
cropped_page_8.png,2023.08,3.1M
cropped_page_8.png,2023.09,3.1M
cropped_page_8.png,2023.10,3.1M
cropped_page_8.png,2023.11,3.1M
cropped_page_8.png,2023.12,3.1M
cropped_page_8.png,2024.01,3.1M
cropped_page_8.png,2024.02,3.1M
cropped_page_8.png,2024.03,3.1M
cropped_page_8.png,2024.04,3.1M
cropped_page_8.png,2024.05,3.1M
cropped_page_8.png,2024.06,3.1M
cropped_page_8.png,2024.07,3.1M
cropped_page_8.png,2024.08,3.1M
cropped_page_8.png,2024.09,3.1M
cropped_page_8.png,2024.10,3.1M
cropped_page_9.png,2023.10,901.56k
cropped_page_9.png,2023.11,901.56k
cropped_page_9.png,2023.12,901.56k
cropped_page_9.png,2024.01,901.56k
cropped_page_9.png,2024.02,901.56k
cropped_page_9.png,2024.03,901.56k
cropped_page_9.png,2024.04,901.56k
cropped_page_9.png,2024.05,901.56k
cropped_page_9.png,2024.06,901.56k
cropped_page_9.png,2024.07,901.56k
cropped_page_9.png,2024.08,901.56k
cropped_page_9.png,2024.09,901.56k
cropped_page_9.png,2024.10,901.56k
cropped_page_9.png,2024.11,901.56k
cropped_page_9.png,2024.12,901.56k
cropped_page_9.png,2025.01,901.56k
cropped_page_9.png,2025.02,901.56k
cropped_page_9.png,2025.03,901.56k
cropped_page_9.png,2025.04,901.56k
cropped_page_9.png,2025.05,901.56k
cropped_page_9.png,2025.06,901.56k
cropped_page_9.png,2025.07,901.56k
cropped_page_9.png,2025.08,901.56k
cropped_page_9.png,2025.09,901.56k
cropped_page_9.png,2025.10,901.56k
cropped_page_10.png,2023.10,880k
cropped_page_10.png,2023.11,880k
cropped_page_10.png,2023.12,880k
cropped_page_10.png,2024.01,880k
cropped_page_10.png,2024.02,880k
cropped_page_10.png,2024.03,880k
cropped_page_10.png,2024.04,880k
cropped_page_10.png,2024.05,880k
cropped_page_10.png,2024.06,880k
cropped_page_10.png,2024.07,880k
cropped_page_10.png,2024.08,880k
cropped_page_10.png,2024.09,880k
cropped_page_10.png,2024.10,880k
cropped_page_10.png,2024.11,880k
cropped_page_10.png,2024.12,880k
cropped_page_10.png,2025.01,880k
cropped_page_10.png,2025.02,880k
cropped_page_10.png,2025.03,880k
cropped_page_10.png,2025.04,880k
cropped_page_10.png,2025.05,880k
cropped_page_10.png,2025.06,880k
cropped_page_10.png,2025.07,880k
cropped_page_10.png,2025.08,880k
cropped_page_10.png,2025.09,880k
cropped_page_10.png,2025.10,880k
cropped_page_10.png,2025.11,880k
cropped_page_11.png,2023.10,880k
cropped_page_11.png,2023.11,880k
cropped_page_11.png,2023.12,880k
cropped_page_11.png,2024.01,880k
cropped_page_11.png,2024.02,880k
cropped_page_11.png,2024.03,880k
cropped_page_11.png,2024.04,880k
cropped_page_11.png,2024.05,880k
cropped_page_11.png,2024.06,880k
cropped_page_11.png,2024.07,880k
cropped_page_11.png,2024.08,880k
cropped_page_11.png,2024.09,880k
cropped_page_11.png,2024.10,880k
cropped_page_11.png,2024.11,880k
cropped_page_11.png,2024.12,880k
cropped_page_11.png,2025.01,880k
cropped_page_11.png,2025.02,880k
cropped_page_11.png,2025.03,880k
cropped_page_11.png,2025.04,880k
cropped_page_11.png,2025.05,880k
cropped_page_11.png,2025.06,880k
cropped_page_11.png,2025.07,880k
cropped_page_11.png,2025.08,880k
cropped_page_11.png,2025.09,880k
cropped_page_11.png,2025.10,880k
cropped_page_12.png,2023.10,880k
cropped_page_12.png,2023.11,880k
cropped_page_12.png,2023.12,880k
cropped_page_12.png,2024.01,880k
cropped_page_12.png,2024.02,880k
cropped_page_12.png,2024.03,880k
cropped_page_12.png,2024.04,880k
cropped_page_12.png,2024.05,880k
cropped_page_12.png,2024.06,880k
cropped_page_12.png,2024.07,880k
cropped_page_12.png,2024.08,880k
cropped_page_12.png,2024.09,880k
cropped_page_12.png,2024.10,880k
cropped_page_12.png,2024.11,880k
cropped_page_12.png,2024.12,880k
cropped_page_12.png,2025.01,880k
cropped_page_12.png,2025.02,880k
cropped_page_12.png,2025.03,880k
cropped_page_12.png,2025.04,880k
cropped_page_12.png,2025.05,880k
cropped_page_12.png,2025.06,880k
cropped_page_12.png,2025.07,880k
cropped_page_12.png,2025.08,880k
cropped_page_12.png,2025.09,880k
cropped_page_12.png,2025.10,880k
cropped_page_12.png,2025.11,880k
cropped_page_13.png,2007.04,0
cropped_page_13.png,2007.07,400k
cropped_page_13.png,2007.10,400k
cropped_page_13.png,2008.01,0
cropped_page_13.png,2008.04,0
cropped_page_13.png,2008.07,0
cropped_page_13.png,2008.10,0
cropped_page_13.png,2009.01,0
cropped_page_13.png,2009.04,0
cropped_page_13.png,2009.07,0
cropped_page_13.png,2009.10,0
cropped_page_13.png,2010.01,0
cropped_page_13.png,2010.04,0
cropped_page_13.png,2010.07,0
cropped_page_13.png,2010.10,0
cropped_page_13.png,2011.01,34.29k
cropped_page_13.png,2011.04,88.57k
cropped_page_13.png,2011.07,88.57k
cropped_page_13.png,2011.10,88.57k
cropped_page_13.png,2012.01,85.71k
cropped_page_13.png,2012.04,88.57k
cropped_page_13.png,2012.07,88.57k
cropped_page_13.png,2012.10,88.57k
cropped_page_13.png,2013.01,0
cropped_page_13.png,2013.04,0
cropped_page_13.png,2013.07,0
cropped_page_13.png,2013.10,0
cropped_page_13.png,2014.01,0
cropped_page_13.png,2014.04,0
cropped_page_13.png,2014.07,0
cropped_page_13.png,2014.10,0
cropped_page_13.png,2015.01,0
cropped_page_13.png,2015.01,0
cropped_page_13.png,2015.04,0
cropped_page_13.png,2015.07,0
cropped_page_13.png,2015.10,0
cropped_page_13.png,2015.04,0
cropped_page_13.png,2015.07,0
cropped_page_13.png,2015.10,0
cropped_page_13.png,2016.01,0
cropped_page_13.png,2016.04,0
cropped_page_13.png,2016.07,0
cropped_page_13.png,2016.10,0
cropped_page_13.png,2017.01,0
cropped_page_13.png,2017.04,0
cropped_page_13.png,2017.07,0
cropped_page_13.png,2017.10,0
cropped_page_13.png,2018.01,0
cropped_page_13.png,2018.04,0
cropped_page_13.png,2018.07,0
cropped_page_13.png,2018.10,0
cropped_page_13.png,2019.01,0
cropped_page_13.png,2019.04,0
cropped_page_13.png,2019.07,0
cropped_page_13.png,2019.10,0
cropped_page_13.png,2020.01,0
cropped_page_13.png,2020.04,0
cropped_page_13.png,2020.07,0
cropped_page_13.png,2020.10,0
cropped_page_13.png,2021.01,0
cropped_page_13.png,2021.04,457.14k
cropped_page_13.png,2021.07,565.71k
cropped_page_13.png,2021.10,600k
cropped_page_13.png,2022.01,600k
cropped_page_13.png,2022.04,557.14k
cropped_page_13.png,2022.07,497.14k
cropped_page_13.png,2022.10,514.29k
cropped_page_13.png,2023.01,600k
cropped_page_13.png,2023.04,674.29k
cropped_page_13.png,2023.07,545.71k
cropped_page_13.png,2023.10,797.14k
cropped_page_13.png,2024.01,677.14k
cropped_page_13.png,2024.04,685.71k
cropped_page_13.png,2024.07,742.86k
cropped_page_13.png,2024.10,748.57k
cropped_page_13.png,2025.01,745.71k
cropped_page_13.png,2025.04,748.57k
cropped_page_13.png,2025.07,714.29k
cropped_page_13.png,2025.10,714.29k
cropped_page_14.png,2020.10,581.21k
cropped_page_14.png,2021.01,581.21k
cropped_page_14.png,2021.04,581.21k
cropped_page_14.png,2021.07,581.21k
cropped_page_14.png,2021.10,581.21k
cropped_page_14.png,2022.01,581.21k
cropped_page_14.png,2022.04,581.21k
cropped_page_14.png,2022.07,581.21k
cropped_page_14.png,2023.01,581.21k
cropped_page_14.png,2023.04,581.21k
cropped_page_14.png,2023.07,581.21k
cropped_page_14.png,2023.10,581.21k
cropped_page_14.png,2024.01,581.21k
cropped_page_14.png,2024.04,581.21k
cropped_page_14.png,2024.07,581.21k
cropped_page_14.png,2024.10,581.21k
cropped_page_14.png,2025.01,581.21k
cropped_page_14.png,2025.04,581.21k
cropped_page_14.png,2025.07,581.21k
cropped_page_14.png,2025.10,581.21k
cropped_page_15.png,2007.01,0
cropped_page_15.png,2007.04,0
cropped_page_15.png,2007.07,6.92k
cropped_page_15.png,2007.10,0
cropped_page_15.png,2008.01,0
cropped_page_15.png,2008.04,0
cropped_page_15.png,2008.07,0
cropped_page_15.png,2008.10,0
cropped_page_15.png,2009.01,0
cropped_page_15.png,2009.04,0
cropped_page_15.png,2009.07,0
cropped_page_15.png,2009.10,0
cropped_page_15.png,2010.01,0
cropped_page_15.png,2010.04,0
cropped_page_15.png,2010.07,0
cropped_page_15.png,2010.10,0
cropped_page_15.png,2011.01,0
cropped_page_15.png,2011.04,0
cropped_page_15.png,2011.07,0
cropped_page_15.png,2011.10,0
cropped_page_15.png,2012.01,0
cropped_page_15.png,2012.04,0
cropped_page_15.png,2012.07,0
cropped_page_15.png,2012.10,0
cropped_page_15.png,2013.01,0
cropped_page_15.png,2013.04,0
cropped_page_15.png,2013.07,0
cropped_page_15.png,2013.10,0
cropped_page_15.png,2014.01,0
cropped_page_15.png,2014.04,0
cropped_page_15.png,2014.07,0
cropped_page_15.png,2014.10,0
cropped_page_15.png,2015.01,0
cropped_page_15.png,2015.04,0
cropped_page_15.png,2015.07,0
cropped_page_15.png,2015.10,0
cropped_page_15.png,2016.01,0
cropped_page_15.png,2016.04,0
cropped_page_15.png,2016.07,0
cropped_page_15.png,2016.10,0
cropped_page_15.png,2017.01,2.02k
cropped_page_15.png,2017.04,828
cropped_page_15.png,2017.07,0
cropped_page_15.png,2017.10,0
cropped_page_15.png,2018.01,464
cropped_page_15.png,2018.04,0
cropped_page_15.png,2018.07,364
cropped_page_15.png,2018.10,464
cropped_page_15.png,2019.01,0
cropped_page_15.png,2019.04,0
cropped_page_15.png,2019.07,0
cropped_page_15.png,2019.10,364
cropped_page_15.png,2020.01,629
cropped_page_15.png,2020.04,729
cropped_page_15.png,2020.07,762
cropped_page_15.png,2020.10,828
cropped_page_15.png,2021.01,795
cropped_page_15.png,2021.04,1.26k
cropped_page_15.png,2021.07,5.17k
cropped_page_15.png,2021.10,5.33k
cropped_page_15.png,2022.01,1M
cropped_page_15.png,2022.04,7.35k
cropped_page_15.png,2022.07,8.88k
cropped_page_15.png,2022.10,8.51k
cropped_page_15.png,2023.01,9.14k
cropped_page_15.png,2023.04,8.25k
cropped_page_15.png,2023.07,8.81k
cropped_page_15.png,2023.10,8.25k
cropped_page_15.png,2024.01,7.39k
cropped_page_15.png,2024.04,1M
cropped_page_15.png,2024.07,5.27k
cropped_page_15.png,2024.10,5.07k
cropped_page_15.png,2025.01,2.19k
cropped_page_15.png,2025.04,2.62k
cropped_page_15.png,2025.07,2.25k
cropped_page_15.png,2025.10,2.25k
cropped_page_16.png,2011.01,247.73k
cropped_page_16.png,2011.04,247.73k
cropped_page_16.png,2011.07,247.73k
cropped_page_16.png,2011.10,247.73k
cropped_page_16.png,2012.01,247.73k
cropped_page_16.png,2012.04,247.73k
cropped_page_16.png,2012.07,247.73k
cropped_page_16.png,2012.10,247.73k
cropped_page_16.png,2013.01,247.73k
cropped_page_16.png,2013.04,247.73k
cropped_page_16.png,2013.07,247.73k
cropped_page_16.png,2014.01,247.73k
cropped_page_16.png,2014.04,247.73k
cropped_page_16.png,2014.07,247.73k
cropped_page_16.png,2014.10,247.73k
cropped_page_16.png,2015.01,247.73k
cropped_page_16.png,2015.04,247.73k
cropped_page_16.png,2015.07,247.73k
cropped_page_16.png,2015.10,247.73k
cropped_page_16.png,2016.01,247.73k
cropped_page_16.png,2016.04,247.73k
cropped_page_16.png,2016.07,247.73k
cropped_page_16.png,2016.10,247.73k
cropped_page_16.png,2017.01,247.73k
cropped_page_16.png,2017.04,247.73k
cropped_page_16.png,2017.07,247.73k
cropped_page_16.png,2017.10,247.73k
cropped_page_16.png,2018.01,247.73k
cropped_page_16.png,2018.04,247.73k
cropped_page_16.png,2018.07,247.73k
cropped_page_16.png,2018.10,247.73k
cropped_page_16.png,2019.01,247.73k
cropped_page_16.png,2019.04,247.73k
cropped_page_16.png,2019.07,247.73k
cropped_page_16.png,2019.10,247.73k
cropped_page_16.png,2020.01,247.73k
cropped_page_16.png,2020.04,247.73k
cropped_page_16.png,2020.07,247.73k
cropped_page_16.png,2020.10,247.73k
cropped_page_16.png,2021.01,247.73k
cropped_page_16.png,2021.04,247.73k
cropped_page_16.png,2021.07,247.73k
cropped_page_16.png,2021.10,247.73k
cropped_page_16.png,2022.01,247.73k
cropped_page_16.png,2022.04,247.73k
cropped_page_16.png,2022.07,247.73k
cropped_page_16.png,2022.10,247.73k
cropped_page_16.png,2023.01,247.73k
cropped_page_16.png,2023.04,247.73k
cropped_page_16.png,2023.07,247.73k
cropped_page_16.png,2023.10,247.73k
cropped_page_16.png,2024.01,247.73k
cropped_page_16.png,2024.04,247.73k
cropped_page_16.png,2024.07,247.73k
cropped_page_16.png,2024.10,247.73k
cropped_page_16.png,2025.01,247.73k
cropped_page_16.png,2025.04,247.73k
cropped_page_16.png,2025.07,247.73k
cropped_page_16.png,2025.10,247.73k
cropped_page_17.png,2018.04,187k
cropped_page_17.png,2018.07,187k
cropped_page_17.png,2018.10,187k
cropped_page_17.png,2019.01,187k
cropped_page_17.png,2019.04,187k
cropped_page_17.png,2019.07,187k
cropped_page_17.png,2019.10,187k
cropped_page_17.png,2020.01,187k
cropped_page_17.png,2020.04,187k
cropped_page_17.png,2020.07,187k
cropped_page_17.png,2020.10,187k
cropped_page_17.png,2021.01,187k
cropped_page_17.png,2021.04,187k
cropped_page_17.png,2021.07,187k
cropped_page_17.png,2021.10,187k
cropped_page_17.png,2022.01,187k
cropped_page_17.png,2022.04,187k
cropped_page_17.png,2022.07,187k
cropped_page_17.png,2022.10,187k
cropped_page_17.png,2023.01,187k
cropped_page_17.png,2023.04,187k
cropped_page_17.png,2023.07,187k
cropped_page_17.png,2023.10,187k
cropped_page_17.png,2024.01,187k
cropped_page_17.png,2024.04,187k
cropped_page_17.png,2024.07,187k
cropped_page_17.png,2024.10,187k
cropped_page_17.png,2025.01,187k
cropped_page_17.png,2025.04,187k
cropped_page_17.png,2025.07,187k
cropped_page_17.png,2025.10,187k
cropped_page_18.png,2023.04,172.84k
cropped_page_18.png,2023.05,172.84k
cropped_page_18.png,2023.06,172.84k
cropped_page_18.png,2023.07,172.84k
cropped_page_18.png,2023.08,172.84k
cropped_page_18.png,2023.09,172.84k
cropped_page_18.png,2023.10,172.84k
cropped_page_18.png,2023.11,172.84k
cropped_page_18.png,2023.12,172.84k
cropped_page_18.png,2024.01,172.84k
cropped_page_18.png,2024.02,172.84k
cropped_page_18.png,2024.03,172.84k
cropped_page_18.png,2024.04,172.84k
cropped_page_18.png,2024.05,172.84k
cropped_page_18.png,2024.06,172.84k
cropped_page_18.png,2024.07,172.84k
cropped_page_18.png,2024.08,172.84k
cropped_page_18.png,2024.09,172.84k
cropped_page_18.png,2024.10,172.84k
cropped_page_18.png,2024.11,172.84k
cropped_page_18.png,2024.12,172.84k
cropped_page_19.png,2008.01,167.4k
cropped_page_19.png,2008.04,167.4k
cropped_page_19.png,2008.07,167.4k
cropped_page_19.png,2008.10,167.4k
cropped_page_19.png,2009.01,167.4k
cropped_page_19.png,2009.04,167.4k
cropped_page_19.png,2009.07,167.4k
cropped_page_19.png,2009.10,167.4k
cropped_page_19.png,2010.01,167.4k
cropped_page_19.png,2010.04,167.4k
cropped_page_19.png,2010.07,167.4k
cropped_page_19.png,2010.10,167.4k
cropped_page_19.png,2011.01,167.4k
cropped_page_19.png,2011.04,167.4k
cropped_page_19.png,2011.07,167.4k
cropped_page_19.png,2011.10,167.4k
cropped_page_19.png,2012.01,167.4k
cropped_page_19.png,2012.04,167.4k
cropped_page_19.png,2012.07,167.4k
cropped_page_19.png,2012.10,167.4k
cropped_page_19.png,2013.01,167.4k
cropped_page_19.png,2013.04,167.4k
cropped_page_19.png,2013.07,167.4k
cropped_page_19.png,2013.10,167.4k
cropped_page_19.png,2014.01,167.4k
cropped_page_19.png,2014.04,167.4k
cropped_page_19.png,2014.07,167.4k
cropped_page_19.png,2014.10,167.4k
cropped_page_19.png,2015.01,167.4k
cropped_page_19.png,2015.04,167.4k
cropped_page_19.png,2015.07,167.4k
cropped_page_19.png,2015.10,167.4k
cropped_page_19.png,2016.01,167.4k
cropped_page_19.png,2016.04,167.4k
cropped_page_19.png,2016.07,167.4k
cropped_page_19.png,2016.10,167.4k
cropped_page_19.png,2017.01,167.4k
cropped_page_19.png,2017.04,167.4k
cropped_page_19.png,2017.07,167.4k
cropped_page_19.png,2017.10,167.4k
cropped_page_19.png,2018.01,167.4k
cropped_page_19.png,2018.04,167.4k
cropped_page_19.png,2018.07,167.4k
cropped_page_19.png,2018.10,167.4k
cropped_page_19.png,2019.01,167.4k
cropped_page_19.png,2019.04,167.4k
cropped_page_19.png,2019.07,167.4k
cropped_page_19.png,2019.10,167.4k
cropped_page_19.png,2020.01,167.4k
cropped_page_19.png,2020.04,167.4k
cropped_page_19.png,2020.07,167.4k
cropped_page_19.png,2020.10,167.4k
cropped_page_19.png,2021.01,167.4k
cropped_page_19.png,2021.04,167.4k
cropped_page_19.png,2021.07,167.4k
cropped_page_19.png,2021.10,167.4k
cropped_page_19.png,2022.01,167.4k
cropped_page_19.png,2022.04,167.4k
cropped_page_19.png,2022.07,167.4k
cropped_page_19.png,2022.10,167.4k
cropped_page_19.png,2023.01,167.4k
cropped_page_19.png,2023.04,167.4k
cropped_page_19.png,2023.07,167.4k
cropped_page_19.png,2023.10,167.4k
cropped_page_19.png,2024.01,167.4k
cropped_page_19.png,2024.04,167.4k
cropped_page_19.png,2024.07,167.4k
cropped_page_19.png,2024.10,167.4k
cropped_page_19.png,2025.01,167.4k
cropped_page_19.png,2025.04,167.4k
cropped_page_19.png,2025.07,167.4k
cropped_page_19.png,2025.10,167.4k
cropped_page_20.png,2020.01,152k
cropped_page_20.png,2020.04,152k
cropped_page_20.png,2020.07,152k
cropped_page_20.png,2020.10,152k
cropped_page_20.png,2021.01,152k
cropped_page_20.png,2021.04,152k
cropped_page_20.png,2021.07,152k
cropped_page_20.png,2021.10,152k
cropped_page_20.png,2022.01,152k
cropped_page_20.png,2022.04,152k
cropped_page_20.png,2022.07,152k
cropped_page_20.png,2022.10,152k
cropped_page_20.png,2023.01,152k
cropped_page_20.png,2023.04,152k
cropped_page_20.png,2023.07,152k
cropped_page_20.png,2023.10,152k
cropped_page_20.png,2024.01,152k
cropped_page_20.png,2024.04,152k
cropped_page_20.png,2024.07,152k
cropped_page_20.png,2024.10,152k
cropped_page_20.png,2025.01,152k
cropped_page_20.png,2025.04,152k
cropped_page_20.png,2025.07,152k
cropped_page_20.png,2025.10,152k
cropped_page_21.png,2024.06,100.02k
cropped_page_21.png,2024.07,100.02k
cropped_page_21.png,2024.08,100.02k
cropped_page_21.png,2024.09,100.02k
cropped_page_21.png,2024.10,100.02k
cropped_page_21.png,2024.11,100.02k
cropped_page_21.png,2024.12,100.02k
cropped_page_21.png,2025.01,100.02k
cropped_page_21.png,2025.02,100.02k
cropped_page_21.png,2025.03,100.02k
cropped_page_21.png,2025.04,100.02k
cropped_page_21.png,2025.05,100.02k
cropped_page_21.png,2025.06,100.02k
cropped_page_21.png,2025.07,100.02k
cropped_page_21.png,2025.08,100.02k
cropped_page_21.png,2025.09,100.02k
cropped_page_21.png,2025.10,100.02k
cropped_page_21.png,2025.11,100.02k
cropped_page_21.png,2025.12,100.02k
cropped_page_22.png,2007.10,50k
cropped_page_22.png,2008.01,50k
cropped_page_22.png,2008.04,50k
cropped_page_22.png,2008.07,50k
cropped_page_22.png,2008.10,0
cropped_page_22.png,2009.01,0
cropped_page_22.png,2009.04,0
cropped_page_22.png,2009.07,0
cropped_page_22.png,2009.10,0
cropped_page_22.png,2010.01,0
cropped_page_22.png,2010.04,0
cropped_page_22.png,2010.07,0
cropped_page_22.png,2010.10,0
cropped_page_22.png,2011.01,0
cropped_page_22.png,2011.04,0
cropped_page_22.png,2011.07,0
cropped_page_22.png,2011.10,0
cropped_page_22.png,2012.01,0
cropped_page_22.png,2012.04,27.34k
cropped_page_22.png,2012.07,0
cropped_page_22.png,2012.10,0
cropped_page_22.png,2013.01,0
cropped_page_22.png,2013.04,0
cropped_page_22.png,2013.07,0
cropped_page_22.png,2013.10,0
cropped_page_22.png,2014.01,0
cropped_page_22.png,2014.04,0
cropped_page_22.png,2014.07,0
cropped_page_22.png,2014.10,0
cropped_page_22.png,2015.01,0
cropped_page_22.png,2015.04,0
cropped_page_22.png,2015.07,0
cropped_page_22.png,2015.10,0
cropped_page_22.png,2016.01,0
cropped_page_22.png,2016.04,0
cropped_page_22.png,2016.07,0
cropped_page_22.png,2016.10,0
cropped_page_22.png,2017.01,0
cropped_page_22.png,2017.04,19.53k
cropped_page_22.png,2017.07,18.75k
cropped_page_22.png,2017.10,17.19k
cropped_page_22.png,2018.01,20.31k
cropped_page_22.png,2018.04,0
cropped_page_22.png,2018.07,127.34k
cropped_page_22.png,2018.10,0
cropped_page_22.png,2019.01,0
cropped_page_22.png,2019.04,0
cropped_page_22.png,2019.07,38.28k
cropped_page_22.png,2019.10,10.16k
cropped_page_22.png,2020.01,35.16k
cropped_page_22.png,2020.04,25.00k
cropped_page_22.png,2020.07,0
cropped_page_22.png,2020.10,102.34k
cropped_page_22.png,2021.01,133.59k
cropped_page_22.png,2021.04,177.34k
cropped_page_22.png,2021.07,200k
cropped_page_22.png,2021.10,211.72k
cropped_page_22.png,2022.01,176.56k
cropped_page_22.png,2022.04,150k
cropped_page_22.png,2022.07,120.31k
cropped_page_22.png,2022.10,102.34k
cropped_page_22.png,2023.01,78.12k
cropped_page_22.png,2023.04,127.34k
cropped_page_22.png,2023.07,132.03k
cropped_page_22.png,2023.10,122.66k
cropped_page_22.png,2024.01,64.84k
cropped_page_22.png,2024.04,150k
cropped_page_22.png,2024.07,117.19k
cropped_page_22.png,2024.10,102.34k
cropped_page_22.png,2025.01,88.28k
cropped_page_22.png,2025.04,87.50k
cropped_page_22.png,2025.07,87.50k
cropped_page_22.png,2025.10,87.50k
cropped_page_23.png,2016.04,31.48k
cropped_page_23.png,2016.07,35.93k
cropped_page_23.png,2016.10,30.74k
cropped_page_23.png,2017.01,25.56k
cropped_page_23.png,2017.04,20k
cropped_page_23.png,2017.07,13.33k
cropped_page_23.png,2017.10,9.63k
cropped_page_23.png,2018.01,20k
cropped_page_23.png,2018.04,31.85k
cropped_page_23.png,2018.07,20k
cropped_page_23.png,2018.10,20k
cropped_page_23.png,2019.01,20k
cropped_page_23.png,2019.04,20k
cropped_page_23.png,2019.07,53.70k
cropped_page_23.png,2019.10,49.26k
cropped_page_23.png,2020.01,44.07k
cropped_page_23.png,2020.04,70.74k
cropped_page_23.png,2020.07,69.26k
cropped_page_23.png,2020.10,60k
cropped_page_23.png,2021.01,79.26k
cropped_page_23.png,2021.04,110.00k
cropped_page_23.png,2021.07,79.26k
cropped_page_23.png,2021.10,72.96k
cropped_page_23.png,2022.01,60k
cropped_page_23.png,2022.04,55.19k
cropped_page_23.png,2022.07,63.70k
cropped_page_23.png,2022.10,60k
cropped_page_23.png,2023.01,73.70k
cropped_page_23.png,2023.04,65.56k
cropped_page_23.png,2023.07,73.70k
cropped_page_23.png,2023.10,54.81k
cropped_page_23.png,2024.01,53.33k
cropped_page_23.png,2024.04,73.70k
cropped_page_23.png,2024.07,71.48k
cropped_page_23.png,2024.10,79.26k
cropped_page_23.png,2025.01,79.26k
cropped_page_23.png,2025.04,98.52k
cropped_page_23.png,2025.07,87.41k
cropped_page_23.png,2025.10,86.30k
cropped_page_24.png,2008.07,68.22k
cropped_page_24.png,2008.10,68.22k
cropped_page_24.png,2009.01,68.22k
cropped_page_24.png,2009.04,68.22k
cropped_page_24.png,2009.07,68.22k
cropped_page_24.png,2009.10,68.22k
cropped_page_24.png,2010.01,68.22k
cropped_page_24.png,2010.04,68.22k
cropped_page_24.png,2010.07,68.22k
cropped_page_24.png,2010.10,68.22k
cropped_page_24.png,2011.01,68.22k
cropped_page_24.png,2011.04,68.22k
cropped_page_24.png,2011.07,68.22k
cropped_page_24.png,2011.10,68.22k
cropped_page_24.png,2012.01,68.22k
cropped_page_24.png,2012.04,68.22k
cropped_page_24.png,2012.07,68.22k
cropped_page_24.png,2012.10,68.22k
cropped_page_24.png,2013.01,68.22k
cropped_page_24.png,2013.04,68.22k
cropped_page_24.png,2013.07,68.22k
cropped_page_24.png,2013.10,68.22k
cropped_page_24.png,2014.01,68.22k
cropped_page_24.png,2014.04,68.22k
cropped_page_24.png,2014.07,68.22k
cropped_page_24.png,2014.10,68.22k
cropped_page_24.png,2015.01,68.22k
cropped_page_24.png,2015.04,68.22k
cropped_page_24.png,2015.07,68.22k
cropped_page_24.png,2015.10,68.22k
cropped_page_24.png,2016.01,68.22k
cropped_page_24.png,2016.04,68.22k
cropped_page_24.png,2016.07,68.22k
cropped_page_24.png,2016.10,68.22k
cropped_page_24.png,2017.01,68.22k
cropped_page_24.png,2017.04,68.22k
cropped_page_24.png,2017.07,68.22k
cropped_page_24.png,2017.10,68.22k
cropped_page_24.png,2018.01,68.22k
cropped_page_24.png,2018.04,68.22k
cropped_page_24.png,2018.07,68.22k
cropped_page_24.png,2018.10,68.22k
cropped_page_24.png,2019.01,68.22k
cropped_page_24.png,2019.04,68.22k
cropped_page_24.png,2019.07,68.22k
cropped_page_24.png,2019.10,68.22k
cropped_page_24.png,2020.01,68.22k
cropped_page_24.png,2020.04,68.22k
cropped_page_24.png,2020.07,68.22k
cropped_page_24.png,2020.10,68.22k
cropped_page_24.png,2021.01,68.22k
cropped_page_24.png,2021.04,68.22k
cropped_page_24.png,2021.07,68.22k
cropped_page_24.png,2021.10,68.22k
cropped_page_24.png,2022.01,68.22k
cropped_page_24.png,2022.04,68.22k
cropped_page_24.png,2022.07,68.22k
cropped_page_24.png,2022.10,68.22k
cropped_page_24.png,2023.01,68.22k
cropped_page_24.png,2023.04,68.22k
cropped_page_24.png,2023.07,68.22k
cropped_page_24.png,2023.10,68.22k
cropped_page_24.png,2024.01,68.22k
cropped_page_24.png,2024.04,68.22k
cropped_page_24.png,2024.07,68.22k
cropped_page_24.png,2024.10,68.22k
cropped_page_24.png,2025.01,68.22k
cropped_page_24.png,2025.04,68.22k
cropped_page_24.png,2025.07,68.22k
cropped_page_24.png,2025.10,68.22k
cropped_page_25.png,2022.07,16.22k
cropped_page_25.png,2022.10,15.78k
cropped_page_25.png,2023.01,15.78k
cropped_page_25.png,2023.04,76.89k
cropped_page_25.png,2023.07,54.00k
cropped_page_25.png,2023.10,51.33k
cropped_page_25.png,2024.01,51.33k
cropped_page_25.png,2024.04,51.33k
cropped_page_25.png,2024.07,40.22k
cropped_page_25.png,2024.10,40.22k
cropped_page_25.png,2025.01,40.22k
cropped_page_25.png,2025.04,40.22k
cropped_page_25.png,2025.07,47.11k
cropped_page_25.png,2025.10,47.11k
cropped_page_26.png,2023.07,45k
cropped_page_26.png,2023.08,45k
cropped_page_26.png,2023.09,45k
cropped_page_26.png,2023.10,45k
cropped_page_26.png,2023.11,45k
cropped_page_26.png,2023.12,45k
cropped_page_26.png,2024.01,45k
cropped_page_26.png,2024.02,45k
cropped_page_26.png,2024.03,45k
cropped_page_26.png,2024.04,45k
cropped_page_26.png,2024.05,45k
cropped_page_26.png,2024.06,45k
cropped_page_26.png,2024.07,45k
cropped_page_26.png,2024.08,45k
cropped_page_26.png,2024.09,45k
cropped_page_26.png,2024.10,45k
cropped_page_26.png,2024.11,45k
cropped_page_26.png,2024.12,45k
cropped_page_27.png,2007.01,42.33k
cropped_page_27.png,2007.04,42.33k
cropped_page_27.png,2007.07,42.33k
cropped_page_27.png,2007.10,42.33k
cropped_page_27.png,2008.01,42.33k
cropped_page_27.png,2008.04,42.33k
cropped_page_27.png,2008.07,42.33k
cropped_page_27.png,2008.10,42.33k
cropped_page_27.png,2009.01,42.33k
cropped_page_27.png,2009.04,42.33k
cropped_page_27.png,2009.07,42.33k
cropped_page_27.png,2009.10,42.33k
cropped_page_27.png,2010.01,42.33k
cropped_page_27.png,2010.04,42.33k
cropped_page_27.png,2010.07,42.33k
cropped_page_27.png,2010.10,42.33k
cropped_page_27.png,2011.01,42.33k
cropped_page_27.png,2011.04,42.33k
cropped_page_27.png,2011.07,42.33k
cropped_page_27.png,2011.10,42.33k
cropped_page_27.png,2012.01,42.33k
cropped_page_27.png,2012.04,42.33k
cropped_page_27.png,2012.07,42.33k
cropped_page_27.png,2012.10,42.33k
cropped_page_27.png,2013.01,42.33k
cropped_page_27.png,2013.04,42.33k
cropped_page_27.png,2013.07,42.33k
cropped_page_27.png,2013.10,42.33k
cropped_page_27.png,2014.01,42.33k
cropped_page_27.png,2014.04,42.33k
cropped_page_27.png,2014.07,42.33k
cropped_page_27.png,2014.10,42.33k
cropped_page_27.png,2015.01,42.33k
cropped_page_27.png,2015.04,42.33k
cropped_page_27.png,2015.07,42.33k
cropped_page_27.png,2015.10,42.33k
cropped_page_27.png,2016.01,42.33k
cropped_page_27.png,2016.04,42.33k
cropped_page_27.png,2016.07,42.33k
cropped_page_27.png,2016.10,42.33k
cropped_page_27.png,2017.01,42.33k
cropped_page_27.png,2017.04,42.33k
cropped_page_27.png,2017.07,42.33k
cropped_page_27.png,2017.10,42.33k
cropped_page_27.png,2018.01,42.33k
cropped_page_27.png,2018.04,42.33k
cropped_page_27.png,2018.07,42.33k
cropped_page_27.png,2018.10,42.33k
cropped_page_27.png,2019.01,42.33k
cropped_page_27.png,2019.04,42.33k
cropped_page_27.png,2019.07,42.33k
cropped_page_27.png,2019.10,42.33k
cropped_page_27.png,2020.01,42.33k
cropped_page_27.png,2020.04,42.33k
cropped_page_27.png,2020.07,42.33k
cropped_page_27.png,2020.10,42.33k
cropped_page_27.png,2021.01,42.33k
cropped_page_27.png,2021.04,42.33k
cropped_page_27.png,2021.07,42.33k
cropped_page_27.png,2021.10,42.33k
cropped_page_27.png,2022.01,42.33k
cropped_page_27.png,2022.04,42.33k
cropped_page_27.png,2022.07,42.33k
cropped_page_27.png,2022.10,42.33k
cropped_page_27.png,2023.01,42.33k
cropped_page_27.png,2023.04,42.33k
cropped_page_27.png,2023.07,42.33k
cropped_page_27.png,2023.10,42.33k
cropped_page_27.png,2024.01,42.33k
cropped_page_27.png,2024.04,42.33k
cropped_page_27.png,2024.07,42.33k
cropped_page_27.png,2024.10,42.33k
cropped_page_27.png,2025.01,42.33k
cropped_page_27.png,2025.04,42.33k
cropped_page_27.png,2025.07,42.33k
cropped_page_27.png,2025.10,42.33k
cropped_page_28.png,2021.01,209.15k
cropped_page_28.png,2021.04,209.15k
cropped_page_28.png,2021.07,141.98k
cropped_page_28.png,2021.10,125.19k
cropped_page_28.png,2022.01,112.21k
cropped_page_28.png,2022.04,111.45k
cropped_page_28.png,2022.07,100k
cropped_page_28.png,2023.01,100k
cropped_page_28.png,2023.04,0
cropped_page_28.png,2023.07,80.91k
cropped_page_28.png,2023.10,82.44k
cropped_page_28.png,2024.01,83.20k
cropped_page_28.png,2024.04,82.44k
cropped_page_28.png,2024.07,83.20k
cropped_page_28.png,2024.10,82.44k
cropped_page_28.png,2025.01,35.88k
cropped_page_28.png,2025.04,35.88k
cropped_page_28.png,2025.07,35.88k
cropped_page_28.png,2025.10,35.88k
cropped_page_29.png,2007.01,38k
cropped_page_29.png,2007.04,38k
cropped_page_29.png,2007.07,38k
cropped_page_29.png,2007.10,38k
cropped_page_29.png,2008.01,38k
cropped_page_29.png,2008.04,38k
cropped_page_29.png,2008.07,38k
cropped_page_29.png,2008.10,38k
cropped_page_29.png,2009.01,38k
cropped_page_29.png,2009.04,38k
cropped_page_29.png,2009.07,38k
cropped_page_29.png,2009.10,38k
cropped_page_29.png,2010.01,38k
cropped_page_29.png,2010.04,38k
cropped_page_29.png,2010.07,38k
cropped_page_29.png,2010.10,38k
cropped_page_29.png,2011.01,38k
cropped_page_29.png,2011.04,38k
cropped_page_29.png,2011.07,38k
cropped_page_29.png,2011.10,38k
cropped_page_29.png,2012.01,38k
cropped_page_29.png,2012.04,38k
cropped_page_29.png,2012.07,38k
cropped_page_29.png,2012.10,38k
cropped_page_29.png,2013.01,38k
cropped_page_29.png,2013.04,38k
cropped_page_29.png,2013.07,38k
cropped_page_29.png,2013.10,38k
cropped_page_29.png,2014.01,38k
cropped_page_29.png,2014.04,38k
cropped_page_29.png,2014.07,38k
cropped_page_29.png,2014.10,38k
cropped_page_29.png,2015.01,38k
cropped_page_29.png,2015.01,38k
cropped_page_29.png,2015.04,38k
cropped_page_29.png,2015.07,38k
cropped_page_29.png,2015.10,38k
cropped_page_29.png,2015.04,38k
cropped_page_29.png,2015.07,38k
cropped_page_29.png,2015.10,38k
cropped_page_29.png,2016.01,38k
cropped_page_29.png,2016.04,38k
cropped_page_29.png,2016.07,38k
cropped_page_29.png,2016.10,38k
cropped_page_29.png,2017.01,38k
cropped_page_29.png,2017.04,38k
cropped_page_29.png,2017.07,38k
cropped_page_29.png,2017.10,38k
cropped_page_29.png,2018.01,38k
cropped_page_29.png,2018.04,38k
cropped_page_29.png,2018.07,38k
cropped_page_29.png,2018.10,38k
cropped_page_29.png,2019.01,38k
cropped_page_29.png,2019.04,38k
cropped_page_29.png,2019.07,38k
cropped_page_29.png,2019.10,38k
cropped_page_29.png,2020.01,38k
cropped_page_29.png,2020.04,38k
cropped_page_29.png,2020.07,38k
cropped_page_29.png,2020.10,38k
cropped_page_29.png,2021.01,38k
cropped_page_29.png,2021.04,38k
cropped_page_29.png,2021.07,38k
cropped_page_29.png,2021.10,38k
cropped_page_29.png,2022.01,38k
cropped_page_29.png,2022.04,38k
cropped_page_29.png,2022.07,38k
cropped_page_29.png,2022.10,38k
cropped_page_29.png,2023.01,38k
cropped_page_29.png,2023.04,38k
cropped_page_29.png,2023.07,38k
cropped_page_29.png,2023.10,38k
cropped_page_29.png,2024.01,38k
cropped_page_29.png,2024.04,38k
cropped_page_29.png,2024.07,38k
cropped_page_29.png,2024.10,38k
cropped_page_29.png,2025.01,38k
cropped_page_29.png,2025.04,38k
cropped_page_29.png,2025.07,38k
cropped_page_29.png,2025.10,38k
cropped_page_30.png,2017.04,37.22k
cropped_page_30.png,2017.07,37.22k
cropped_page_30.png,2017.10,37.22k
cropped_page_30.png,2018.01,37.22k
cropped_page_30.png,2018.04,37.22k
cropped_page_30.png,2018.07,37.22k
cropped_page_30.png,2018.10,37.22k
cropped_page_30.png,2019.01,37.22k
cropped_page_30.png,2019.04,37.22k
cropped_page_30.png,2019.07,37.22k
cropped_page_30.png,2019.10,37.22k
cropped_page_30.png,2020.01,37.22k
cropped_page_30.png,2020.04,37.22k
cropped_page_30.png,2020.07,37.22k
cropped_page_30.png,2020.10,37.22k
cropped_page_30.png,2021.01,37.22k
cropped_page_30.png,2021.04,37.22k
cropped_page_30.png,2021.07,37.22k
cropped_page_30.png,2021.10,37.22k
cropped_page_30.png,2021.13,37.22k
cropped_page_30.png,2022.01,37.22k
cropped_page_30.png,2022.04,37.22k
cropped_page_30.png,2022.07,37.22k
cropped_page_30.png,2023.01,37.22k
cropped_page_30.png,2023.04,37.22k
cropped_page_30.png,2023.07,37.22k
cropped_page_30.png,2023.10,37.22k
cropped_page_30.png,2024.01,37.22k
cropped_page_30.png,2024.04,37.22k
cropped_page_30.png,2024.07,37.22k
cropped_page_30.png,2024.10,37.22k
cropped_page_30.png,2024.13,37.22k
cropped_page_30.png,2025.01,37.22k
cropped_page_30.png,2025.04,37.22k
cropped_page_30.png,2025.07,37.22k
cropped_page_31.png,2021.01,35.74k
cropped_page_31.png,2021.04,35.74k
cropped_page_31.png,2021.07,35.74k
cropped_page_31.png,2021.10,35.74k
cropped_page_31.png,2022.01,35.74k
cropped_page_31.png,2022.04,35.74k
cropped_page_31.png,2022.07,35.74k
cropped_page_31.png,2023.01,35.74k
cropped_page_31.png,2023.04,35.74k
cropped_page_31.png,2023.07,35.74k
cropped_page_31.png,2023.10,35.74k
cropped_page_31.png,2024.01,35.74k
cropped_page_31.png,2024.04,35.74k
cropped_page_31.png,2024.07,35.74k
cropped_page_31.png,2024.10,35.74k
cropped_page_31.png,2025.01,35.74k
cropped_page_31.png,2025.04,35.74k
cropped_page_31.png,2025.07,35.74k
cropped_page_32.png,2018.01,15.30k
cropped_page_32.png,2018.04,15.30k
cropped_page_32.png,2018.07,15.30k
cropped_page_32.png,2018.10,15.30k
cropped_page_32.png,2019.01,15.45k
cropped_page_32.png,2019.04,15.45k
cropped_page_32.png,2019.07,0
cropped_page_32.png,2019.10,0
cropped_page_32.png,2020.01,2.58k
cropped_page_32.png,2020.04,2.58k
cropped_page_32.png,2020.07,2.58k
cropped_page_32.png,2020.10,3.79k
cropped_page_32.png,2021.01,3.48k
cropped_page_32.png,2021.04,3.48k
cropped_page_32.png,2021.07,3.48k
cropped_page_32.png,2021.10,4.09k
cropped_page_32.png,2022.01,3.33k
cropped_page_32.png,2022.04,3.33k
cropped_page_32.png,2022.07,3.33k
cropped_page_32.png,2022.10,3.33k
cropped_page_32.png,2023.01,7.42k
cropped_page_32.png,2023.04,7.42k
cropped_page_32.png,2023.07,7.42k
cropped_page_32.png,2023.10,7.42k
cropped_page_32.png,2024.01,7.12k
cropped_page_32.png,2024.04,7.12k
cropped_page_32.png,2024.07,14.09k
cropped_page_32.png,2024.10,14.09k
cropped_page_32.png,2025.01,20k
cropped_page_32.png,2025.04,20k
cropped_page_32.png,2025.07,20k
cropped_page_32.png,2025.10,20k
cropped_page_32.png,2026.01,12.12k
cropped_page_32.png,2026.04,12.12k
cropped_page_32.png,2026.07,12.12k
cropped_page_32.png,2026.10,12.12k
cropped_page_32.png,2027.01,25.30k
cropped_page_32.png,2027.04,25.30k
cropped_page_32.png,2027.07,25.30k
cropped_page_32.png,2027.10,26.06k
cropped_page_32.png,2023.01,25.45k
cropped_page_32.png,2023.04,25.45k
cropped_page_32.png,2023.07,25.45k
cropped_page_32.png,2023.10,25.45k
cropped_page_32.png,2024.01,26.97k
cropped_page_32.png,2024.04,26.97k
cropped_page_32.png,2024.07,26.97k
cropped_page_32.png,2024.10,26.97k
cropped_page_32.png,2025.01,26.97k
cropped_page_32.png,2025.04,26.97k
cropped_page_32.png,2025.07,26.97k
cropped_page_32.png,2025.10,26.97k
cropped_page_32.png,2026.01,16.82k
cropped_page_32.png,2026.04,16.82k
cropped_page_32.png,2026.07,16.82k
cropped_page_32.png,2026.10,16.82k
cropped_page_32.png,2027.01,20k
cropped_page_32.png,2027.04,20k
cropped_page_32.png,2027.07,20k
cropped_page_32.png,2027.10,20k
cropped_page_32.png,2028.01,14.85k
cropped_page_32.png,2028.04,14.85k
cropped_page_32.png,2028.07,14.85k
cropped_page_32.png,2028.10,14.85k
cropped_page_32.png,2029.01,15.15k
cropped_page_32.png,2029.04,15.15k
cropped_page_32.png,2029.07,15.15k
cropped_page_32.png,2029.10,15.15k
cropped_page_32.png,2030.01,15.15k
cropped_page_32.png,2030.04,15.15k
cropped_page_32.png,2030.07,15.15k
cropped_page_32.png,2030.10,15.15k
cropped_page_32.png,2031.01,11.97k
cropped_page_32.png,2031.04,11.97k
cropped_page_32.png,2031.07,11.97k
cropped_page_32.png,2031.10,11.97k
cropped_page_32.png,2032.01,13.18k
cropped_page_32.png,2032.04,13.18k
cropped_page_32.png,2032.07,13.64k
cropped_page_32.png,2032.10,13.64k
cropped_page_32.png,2033.01,16.67k
cropped_page_32.png,2033.04,16.67k
cropped_page_32.png,2033.07,16.67k
cropped_page_32.png,2033.10,15.30k
cropped_page_32.png,2034.01,14.55k
cropped_page_33.png,2017.07,163.29k
cropped_page_33.png,2017.10,86.72k
cropped_page_33.png,2018.01,86.72k
cropped_page_33.png,2018.04,85.94k
cropped_page_33.png,2018.07,85.16k
cropped_page_33.png,2019.01,85.16k
cropped_page_33.png,2019.04,85.16k
cropped_page_33.png,2019.07,85.16k
cropped_page_33.png,2019.10,85.16k
cropped_page_33.png,2020.01,85.16k
cropped_page_33.png,2020.04,85.16k
cropped_page_33.png,2020.07,85.16k
cropped_page_33.png,2021.01,85.16k
cropped_page_33.png,2021.04,67.19k
cropped_page_33.png,2021.07,67.97k
cropped_page_33.png,2021.10,50.00k
cropped_page_33.png,2022.01,39.06k
cropped_page_33.png,2022.04,34.37k
cropped_page_33.png,2022.07,34.37k
cropped_page_33.png,2022.10,33.59k
cropped_page_33.png,2023.01,28.12k
cropped_page_33.png,2023.04,28.91k
cropped_page_33.png,2023.07,28.12k
cropped_page_33.png,2023.10,28.12k
cropped_page_33.png,2024.01,28.12k
cropped_page_33.png,2024.04,28.91k
cropped_page_33.png,2024.07,28.12k
cropped_page_33.png,2024.10,28.12k
cropped_page_33.png,2025.01,26.56k
cropped_page_33.png,2025.04,28.12k
cropped_page_33.png,2025.07,26.56k
cropped_page_33.png,2025.10,27.34k
cropped_page_34.png,2007.01,14.55k
cropped_page_34.png,2007.04,50.91k
cropped_page_34.png,2007.07,54.55k
cropped_page_34.png,2007.10,200k
cropped_page_34.png,2008.01,200k
cropped_page_34.png,2008.04,500k
cropped_page_34.png,2008.07,500k
cropped_page_34.png,2008.10,0
cropped_page_34.png,2009.01,0
cropped_page_34.png,2009.04,0
cropped_page_34.png,2009.07,0
cropped_page_34.png,2009.10,0
cropped_page_34.png,2010.01,0
cropped_page_34.png,2010.04,0
cropped_page_34.png,2010.07,0
cropped_page_34.png,2010.10,0
cropped_page_34.png,2011.01,0
cropped_page_34.png,2011.04,0
cropped_page_34.png,2011.07,0
cropped_page_34.png,2011.10,0
cropped_page_34.png,2012.01,0
cropped_page_34.png,2012.04,0
cropped_page_34.png,2012.07,0
cropped_page_34.png,2012.10,0
cropped_page_34.png,2013.01,0
cropped_page_34.png,2013.04,0
cropped_page_34.png,2013.07,0
cropped_page_34.png,2013.10,0
cropped_page_34.png,2014.01,0
cropped_page_34.png,2014.04,0
cropped_page_34.png,2014.07,0
cropped_page_34.png,2014.10,0
cropped_page_34.png,2015.01,0
cropped_page_34.png,2015.04,0
cropped_page_34.png,2015.07,0
cropped_page_34.png,2015.10,0
cropped_page_34.png,2016.01,0
cropped_page_34.png,2016.04,0
cropped_page_34.png,2016.07,0
cropped_page_34.png,2016.10,0
cropped_page_34.png,2017.01,0
cropped_page_34.png,2017.04,0
cropped_page_34.png,2017.07,0
cropped_page_34.png,2017.10,0
cropped_page_34.png,2018.01,0
cropped_page_34.png,2018.04,0
cropped_page_34.png,2018.07,0
cropped_page_34.png,2018.10,0
cropped_page_34.png,2019.01,0
cropped_page_34.png,2019.04,0
cropped_page_34.png,2019.07,0
cropped_page_34.png,2019.10,0
cropped_page_34.png,2020.01,0
cropped_page_34.png,2020.04,0
cropped_page_34.png,2020.07,0
cropped_page_34.png,2020.10,0
cropped_page_34.png,2021.01,16.36k
cropped_page_34.png,2021.04,18.18k
cropped_page_34.png,2021.07,45.45k
cropped_page_34.png,2021.10,43.64k
cropped_page_34.png,2022.01,32.73k
cropped_page_34.png,2022.04,34.55k
cropped_page_34.png,2022.07,50.91k
cropped_page_34.png,2022.10,50.91k
cropped_page_34.png,2023.01,30.91k
cropped_page_34.png,2023.04,32.73k
cropped_page_34.png,2023.07,27.27k
cropped_page_34.png,2023.10,27.27k
cropped_page_34.png,2025.01,23.64k
cropped_page_34.png,2025.04,25.45k
cropped_page_34.png,2025.07,27.27k
cropped_page_34.png,2025.10,27.27k
cropped_page_35.png,2017.01,22.56k
cropped_page_35.png,2017.04,30k
cropped_page_35.png,2017.07,0
cropped_page_35.png,2018.01,0
cropped_page_35.png,2018.04,0
cropped_page_35.png,2018.07,0
cropped_page_35.png,2019.01,0
cropped_page_35.png,2019.04,0
cropped_page_35.png,2019.07,0
cropped_page_35.png,2019.10,0
cropped_page_35.png,2020.01,0
cropped_page_35.png,2020.04,0
cropped_page_35.png,2020.07,0
cropped_page_35.png,2021.01,0
cropped_page_35.png,2021.04,0
cropped_page_35.png,2021.07,0
cropped_page_35.png,2021.10,0
cropped_page_35.png,2021.13,0
cropped_page_35.png,2022.01,0
cropped_page_35.png,2022.04,0
cropped_page_35.png,2023.01,0
cropped_page_35.png,2023.04,0
cropped_page_35.png,2023.07,0
cropped_page_35.png,2023.10,0
cropped_page_35.png,2024.01,0
cropped_page_35.png,2024.04,0
cropped_page_35.png,2024.07,0
cropped_page_35.png,2024.10,0
cropped_page_35.png,2025.01,25.00k
cropped_page_35.png,2025.04,25.11k
cropped_page_35.png,2025.07,25.00k
cropped_page_36.png,2016.10,8.18k
cropped_page_36.png,2017.01,6.36k
cropped_page_36.png,2017.04,6.36k
cropped_page_36.png,2017.07,10.91k
cropped_page_36.png,2017.10,9.09k
cropped_page_36.png,2018.01,0
cropped_page_36.png,2018.04,10.00k
cropped_page_36.png,2018.07,6.36k
cropped_page_36.png,2018.10,8.18k
cropped_page_36.png,2019.01,6.36k
cropped_page_36.png,2019.04,5.45k
cropped_page_36.png,2019.07,7.27k
cropped_page_36.png,2019.10,6.36k
cropped_page_36.png,2020.01,7.27k
cropped_page_36.png,2020.04,7.27k
cropped_page_36.png,2020.07,7.27k
cropped_page_36.png,2020.10,6.36k
cropped_page_36.png,2021.01,100k
cropped_page_36.png,2021.04,128.18k
cropped_page_36.png,2021.07,190.00k
cropped_page_36.png,2021.10,250k
cropped_page_36.png,2022.01,100k
cropped_page_36.png,2022.04,100k
cropped_page_36.png,2022.07,100k
cropped_page_36.png,2022.10,100k
cropped_page_36.png,2023.01,100k
cropped_page_36.png,2023.04,100k
cropped_page_36.png,2023.07,100k
cropped_page_36.png,2023.10,100k
cropped_page_36.png,2024.01,150k
cropped_page_36.png,2024.04,170.91k
cropped_page_36.png,2024.07,100k
cropped_page_36.png,2024.10,100k
cropped_page_36.png,2025.01,74.55k
cropped_page_36.png,2025.04,19.09k
cropped_page_36.png,2025.07,18.18k
cropped_page_37.png,2022.07,0
cropped_page_37.png,2022.10,0
cropped_page_37.png,2023.01,0
cropped_page_37.png,2023.04,0
cropped_page_37.png,2023.07,0
cropped_page_37.png,2023.10,0
cropped_page_37.png,2024.01,0
cropped_page_37.png,2024.04,0
cropped_page_37.png,2024.07,0
cropped_page_37.png,2025.01,65.12k
cropped_page_37.png,2025.04,0
cropped_page_37.png,2025.07,20.00k
cropped_page_37.png,2025.10,20.00k
cropped_page_38.png,2021.10,18.46k
cropped_page_38.png,2022.01,18.46k
cropped_page_38.png,2022.04,18.46k
cropped_page_38.png,2022.07,18.46k
cropped_page_38.png,2022.10,18.46k
cropped_page_38.png,2023.01,18.46k
cropped_page_38.png,2023.04,18.46k
cropped_page_38.png,2023.07,18.46k
cropped_page_38.png,2024.01,18.46k
cropped_page_38.png,2024.04,18.46k
cropped_page_38.png,2024.07,18.46k
cropped_page_38.png,2024.10,18.46k
cropped_page_38.png,2025.01,18.46k
cropped_page_38.png,2025.04,18.46k
cropped_page_38.png,2025.07,18.46k
cropped_page_39.png,2023.07,16k
cropped_page_39.png,2023.08,16k
cropped_page_39.png,2023.09,16k
cropped_page_39.png,2023.10,16k
cropped_page_39.png,2023.11,16k
cropped_page_39.png,2023.12,16k
cropped_page_39.png,2024.01,16k
cropped_page_39.png,2024.02,16k
cropped_page_39.png,2024.03,16k
cropped_page_39.png,2024.04,16k
cropped_page_39.png,2024.05,16k
cropped_page_39.png,2024.06,16k
cropped_page_39.png,2024.07,16k
cropped_page_39.png,2024.08,16k
cropped_page_39.png,2024.09,16k
cropped_page_39.png,2024.10,16k
cropped_page_40.png,2016.07,15.63k
cropped_page_40.png,2016.10,15.63k
cropped_page_40.png,2017.01,15.63k
cropped_page_40.png,2017.04,15.63k
cropped_page_40.png,2017.07,15.63k
cropped_page_40.png,2017.10,15.63k
cropped_page_40.png,2018.01,15.63k
cropped_page_40.png,2018.04,15.63k
cropped_page_40.png,2018.07,15.63k
cropped_page_40.png,2018.10,15.63k
cropped_page_40.png,2019.01,15.63k
cropped_page_40.png,2019.04,15.63k
cropped_page_40.png,2019.07,15.63k
cropped_page_40.png,2020.01,15.63k
cropped_page_40.png,2020.04,15.63k
cropped_page_40.png,2020.07,15.63k
cropped_page_40.png,2020.10,15.63k
cropped_page_40.png,2021.01,15.63k
cropped_page_40.png,2021.04,15.63k
cropped_page_40.png,2021.07,15.63k
cropped_page_40.png,2021.10,15.63k
cropped_page_40.png,2022.01,15.63k
cropped_page_40.png,2022.04,15.63k
cropped_page_40.png,2022.07,15.63k
cropped_page_40.png,2023.01,15.63k
cropped_page_40.png,2023.04,15.63k
cropped_page_40.png,2023.07,15.63k
cropped_page_40.png,2023.10,15.63k
cropped_page_40.png,2024.01,15.63k
cropped_page_40.png,2024.04,15.63k
cropped_page_40.png,2024.07,15.63k
cropped_page_40.png,2024.10,15.63k
cropped_page_40.png,2025.01,15.63k
cropped_page_40.png,2025.04,15.63k
cropped_page_40.png,2025.07,15.63k
cropped_page_40.png,2025.10,15.63k
cropped_page_41.png,2007.10,30k
cropped_page_41.png,2008.01,30k
cropped_page_41.png,2008.04,30k
cropped_page_41.png,2008.07,30k
cropped_page_41.png,2008.10,30k
cropped_page_41.png,2009.01,30k
cropped_page_41.png,2009.04,30k
cropped_page_41.png,2009.07,30k
cropped_page_41.png,2009.10,30k
cropped_page_41.png,2010.01,30k
cropped_page_41.png,2010.04,30k
cropped_page_41.png,2010.07,30k
cropped_page_41.png,2010.10,30k
cropped_page_41.png,2011.01,30k
cropped_page_41.png,2011.04,30k
cropped_page_41.png,2011.07,30k
cropped_page_41.png,2011.10,30k
cropped_page_41.png,2012.01,30k
cropped_page_41.png,2012.04,30k
cropped_page_41.png,2012.07,30k
cropped_page_41.png,2012.10,30k
cropped_page_41.png,2013.01,30k
cropped_page_41.png,2013.04,30k
cropped_page_41.png,2013.07,57.81k
cropped_page_41.png,2013.10,0
cropped_page_41.png,2015.01,30k
cropped_page_41.png,2015.04,30k
cropped_page_41.png,2015.07,13.26k
cropped_page_41.png,2015.10,13.48k
cropped_page_41.png,2016.01,13.26k
cropped_page_41.png,2016.04,12.83k
cropped_page_41.png,2016.07,0
cropped_page_41.png,2016.10,0
cropped_page_41.png,2017.01,0
cropped_page_41.png,2017.04,0
cropped_page_41.png,2017.07,0
cropped_page_41.png,2017.10,0
cropped_page_41.png,2018.01,0
cropped_page_41.png,2018.04,0
cropped_page_41.png,2018.07,0
cropped_page_41.png,2018.10,0
cropped_page_41.png,2019.01,0
cropped_page_41.png,2020.01,0
cropped_page_41.png,2019.04,0
cropped_page_41.png,2019.07,0
cropped_page_41.png,2019.10,0
cropped_page_41.png,2020.04,0
cropped_page_41.png,2020.07,0
cropped_page_41.png,2020.10,0
cropped_page_41.png,2021.01,0
cropped_page_41.png,2021.04,0
cropped_page_41.png,2021.07,0
cropped_page_41.png,2021.10,0
cropped_page_41.png,2022.01,0
cropped_page_41.png,2022.04,0
cropped_page_41.png,2022.07,0
cropped_page_41.png,2022.10,0
cropped_page_41.png,2023.01,0
cropped_page_41.png,2023.04,0
cropped_page_41.png,2023.07,3.48k
cropped_page_41.png,2023.10,8.70k
cropped_page_41.png,2025.01,12.39k
cropped_page_41.png,2025.04,12.83k
cropped_page_41.png,2025.07,12.83k
cropped_page_41.png,2025.10,12.83k
cropped_page_42.png,2009.04,12.7k
cropped_page_42.png,2009.07,12.7k
cropped_page_42.png,2009.10,12.7k
cropped_page_42.png,2010.01,12.7k
cropped_page_42.png,2010.04,12.7k
cropped_page_42.png,2010.07,12.7k
cropped_page_42.png,2010.10,12.7k
cropped_page_42.png,2011.01,12.7k
cropped_page_42.png,2011.04,12.7k
cropped_page_42.png,2011.07,12.7k
cropped_page_42.png,2011.10,12.7k
cropped_page_42.png,2012.01,12.7k
cropped_page_42.png,2012.04,12.7k
cropped_page_42.png,2012.07,12.7k
cropped_page_42.png,2012.10,12.7k
cropped_page_42.png,2015.01,12.7k
cropped_page_42.png,2015.04,12.7k
cropped_page_42.png,2015.07,12.7k
cropped_page_42.png,2015.10,12.7k
cropped_page_42.png,2016.01,12.7k
cropped_page_42.png,2016.04,12.7k
cropped_page_42.png,2016.07,12.7k
cropped_page_42.png,2016.10,12.7k
cropped_page_42.png,2017.01,12.7k
cropped_page_42.png,2017.04,12.7k
cropped_page_42.png,2017.07,12.7k
cropped_page_42.png,2017.10,12.7k
cropped_page_42.png,2018.01,12.7k
cropped_page_42.png,2018.04,12.7k
cropped_page_42.png,2018.07,12.7k
cropped_page_42.png,2018.10,12.7k
cropped_page_42.png,2019.01,12.7k
cropped_page_42.png,2019.04,12.7k
cropped_page_42.png,2019.07,12.7k
cropped_page_42.png,2019.10,12.7k
cropped_page_42.png,2020.01,12.7k
cropped_page_42.png,2020.04,12.7k
cropped_page_42.png,2020.07,12.7k
cropped_page_42.png,2020.10,12.7k
cropped_page_42.png,2021.01,12.7k
cropped_page_42.png,2021.04,12.7k
cropped_page_42.png,2021.07,12.7k
cropped_page_42.png,2021.10,12.7k
cropped_page_42.png,2022.01,12.7k
cropped_page_42.png,2022.04,12.7k
cropped_page_42.png,2022.07,12.7k
cropped_page_42.png,2022.10,12.7k
cropped_page_42.png,2023.01,12.7k
cropped_page_42.png,2023.04,12.7k
cropped_page_42.png,2023.07,12.7k
cropped_page_42.png,2023.10,12.7k
cropped_page_42.png,2024.01,12.7k
cropped_page_42.png,2024.04,12.7k
cropped_page_42.png,2024.07,12.7k
cropped_page_42.png,2024.10,12.7k
cropped_page_42.png,2025.01,12.7k
cropped_page_42.png,2025.04,12.7k
cropped_page_42.png,2025.07,12.7k
cropped_page_42.png,2025.10,12.7k
cropped_page_43.png,2008.10,1.01k
cropped_page_43.png,2009.01,1.01k
cropped_page_43.png,2009.04,1.01k
cropped_page_43.png,2009.07,1.01k
cropped_page_43.png,2009.10,1.01k
cropped_page_43.png,2010.01,1.01k
cropped_page_43.png,2010.04,1.01k
cropped_page_43.png,2010.07,1.01k
cropped_page_43.png,2010.10,1.01k
cropped_page_43.png,2011.01,1.01k
cropped_page_43.png,2011.04,1.01k
cropped_page_43.png,2011.07,1.01k
cropped_page_43.png,2011.10,1.01k
cropped_page_43.png,2012.01,1.01k
cropped_page_43.png,2012.04,1.01k
cropped_page_43.png,2012.07,1.01k
cropped_page_43.png,2012.10,1.01k
cropped_page_43.png,2015.01,1.01k
cropped_page_43.png,2015.04,1.01k
cropped_page_43.png,2015.07,1.01k
cropped_page_43.png,2015.10,1.01k
cropped_page_43.png,2016.01,1.01k
cropped_page_43.png,2016.04,1.01k
cropped_page_43.png,2016.07,1.01k
cropped_page_43.png,2016.10,1.01k
cropped_page_43.png,2017.01,1.01k
cropped_page_43.png,2017.04,1.01k
cropped_page_43.png,2017.07,1.01k
cropped_page_43.png,2017.10,1.01k
cropped_page_43.png,2018.01,1.01k
cropped_page_43.png,2018.04,1.01k
cropped_page_43.png,2018.07,1.01k
cropped_page_43.png,2018.10,1.01k
cropped_page_43.png,2019.01,1.01k
cropped_page_43.png,2019.04,1.01k
cropped_page_43.png,2019.07,1.01k
cropped_page_43.png,2019.10,1.01k
cropped_page_43.png,2020.01,1.01k
cropped_page_43.png,2020.04,1.01k
cropped_page_43.png,2020.07,1.01k
cropped_page_43.png,2020.10,1.01k
cropped_page_43.png,2021.01,1.01k
cropped_page_43.png,2021.04,1.01k
cropped_page_43.png,2021.07,1.01k
cropped_page_43.png,2021.10,1.01k
cropped_page_43.png,2022.01,1.01k
cropped_page_43.png,2022.04,1.01k
cropped_page_43.png,2022.07,1.01k
cropped_page_43.png,2022.10,1.01k
cropped_page_43.png,2023.01,1.01k
cropped_page_43.png,2023.04,1.01k
cropped_page_43.png,2023.07,1.01k
cropped_page_43.png,2023.10,1.01k
cropped_page_43.png,2024.01,1.01k
cropped_page_43.png,2024.04,1.01k
cropped_page_43.png,2024.07,1.01k
cropped_page_43.png,2024.10,1.01k
cropped_page_43.png,2025.01,1.01k
cropped_page_43.png,2025.04,1.01k
cropped_page_43.png,2025.07,1.01k
cropped_page_43.png,2025.10,1.01k
cropped_page_44.png,2017.04,800
cropped_page_44.png,2017.07,800
cropped_page_44.png,2017.10,800
cropped_page_44.png,2018.01,800
cropped_page_44.png,2018.04,800
cropped_page_44.png,2018.07,800
cropped_page_44.png,2019.01,5.20k
cropped_page_44.png,2019.04,6.40k
cropped_page_44.png,2019.07,7.60k
cropped_page_44.png,2020.01,9.60k
cropped_page_44.png,2020.04,10.00k
cropped_page_44.png,2020.07,10.00k
cropped_page_44.png,2020.10,10.00k
cropped_page_44.png,2021.01,10.00k
cropped_page_44.png,2021.04,20.40k
cropped_page_44.png,2021.07,26.80k
cropped_page_44.png,2021.10,107.20k
cropped_page_44.png,2022.01,92.00k
cropped_page_44.png,2022.04,26.00k
cropped_page_44.png,2022.07,26.00k
cropped_page_44.png,2022.10,25.60k
cropped_page_44.png,2023.01,86.00k
cropped_page_44.png,2023.04,84.00k
cropped_page_44.png,2023.07,100k
cropped_page_44.png,2023.10,90.00k
cropped_page_44.png,2024.01,8.40k
cropped_page_44.png,2024.04,8.40k
cropped_page_44.png,2024.07,8.80k
cropped_page_44.png,2024.10,8.80k
cropped_page_44.png,2025.01,8.40k
cropped_page_44.png,2025.04,8.00k
cropped_page_44.png,2025.07,9.20k
cropped_page_44.png,2025.10,9.20k
cropped_page_45.png,2022.01,10k
cropped_page_45.png,2022.04,10k
cropped_page_45.png,2022.07,10k
cropped_page_45.png,2022.10,10k
cropped_page_45.png,2023.01,10k
cropped_page_45.png,2023.04,10k
cropped_page_45.png,2023.07,10k
cropped_page_45.png,2024.01,10k
cropped_page_45.png,2024.04,10k
cropped_page_45.png,2024.07,10k
cropped_page_45.png,2024.10,10k
cropped_page_45.png,2025.01,10k
cropped_page_45.png,2025.04,10k
cropped_page_45.png,2025.07,10k
cropped_page_45.png,2025.10,10k
cropped_page_46.png,2020.10,9.96k
cropped_page_46.png,2021.01,9.96k
cropped_page_46.png,2021.04,9.96k
cropped_page_46.png,2021.07,9.96k
cropped_page_46.png,2022.01,9.96k
cropped_page_46.png,2022.04,9.96k
cropped_page_46.png,2022.07,9.96k
cropped_page_46.png,2022.10,9.96k
cropped_page_46.png,2023.01,9.96k
cropped_page_46.png,2023.04,9.96k
cropped_page_46.png,2023.07,9.96k
cropped_page_46.png,2023.10,9.96k
cropped_page_46.png,2023.13,9.96k
cropped_page_46.png,2024.01,9.96k
cropped_page_46.png,2024.04,9.96k
cropped_page_46.png,2024.07,9.96k
cropped_page_46.png,2025.01,9.96k
cropped_page_46.png,2025.04,9.96k
cropped_page_46.png,2025.07,9.96k
cropped_page_46.png,2025.10,9.96k
cropped_page_47.png,2011.01,9.96k
cropped_page_47.png,2011.04,25k
cropped_page_47.png,2011.07,25k
cropped_page_47.png,2011.10,0
cropped_page_47.png,2012.01,0
cropped_page_47.png,2012.04,0
cropped_page_47.png,2012.07,0
cropped_page_47.png,2013.01,0
cropped_page_47.png,2013.04,0
cropped_page_47.png,2013.07,0
cropped_page_47.png,2013.10,0
cropped_page_47.png,2014.01,0
cropped_page_47.png,2014.04,0
cropped_page_47.png,2014.07,0
cropped_page_47.png,2014.10,0
cropped_page_47.png,2015.01,0
cropped_page_47.png,2015.04,0
cropped_page_47.png,2015.07,0
cropped_page_47.png,2016.01,0
cropped_page_47.png,2016.04,0
cropped_page_47.png,2016.07,0
cropped_page_47.png,2016.10,0
cropped_page_47.png,2017.01,0
cropped_page_47.png,2017.04,0
cropped_page_47.png,2017.07,4.92k
cropped_page_47.png,2018.01,4.92k
cropped_page_47.png,2018.04,0
cropped_page_47.png,2018.07,0
cropped_page_47.png,2018.10,0
cropped_page_47.png,2019.01,31.32k
cropped_page_47.png,2019.04,32.40k
cropped_page_47.png,2019.07,7.32k
cropped_page_47.png,2019.10,0
cropped_page_47.png,2020.01,9.96k
cropped_page_47.png,2020.04,9.96k
cropped_page_47.png,2020.07,9.96k
cropped_page_47.png,2020.10,9.96k
cropped_page_47.png,2020.13,0
cropped_page_47.png,2021.01,11.64k
cropped_page_47.png,2021.04,11.88k
cropped_page_47.png,2021.07,4.92k
cropped_page_47.png,2022.01,4.92k
cropped_page_47.png,2022.04,4.92k
cropped_page_47.png,2022.07,3.12k
cropped_page_47.png,2022.10,4.92k
cropped_page_47.png,2023.01,4.92k
cropped_page_47.png,2023.04,0
cropped_page_47.png,2024.01,22.68k
cropped_page_47.png,2024.04,0
cropped_page_47.png,2024.07,0
cropped_page_47.png,2024.10,1.56k
cropped_page_47.png,2025.01,6.72k
cropped_page_47.png,2025.04,6.96k
cropped_page_47.png,2025.07,7.08k
cropped_page_47.png,2025.10,6.96k
cropped_page_48.png,2015.01,6.31k
cropped_page_48.png,2015.04,6.31k
cropped_page_48.png,2015.07,6.31k
cropped_page_48.png,2015.10,6.31k
cropped_page_48.png,2016.01,6.31k
cropped_page_48.png,2016.04,6.31k
cropped_page_48.png,2016.07,6.31k
cropped_page_48.png,2016.10,6.31k
cropped_page_48.png,2017.01,6.31k
cropped_page_48.png,2017.04,6.31k
cropped_page_48.png,2018.01,6.31k
cropped_page_48.png,2018.04,6.31k
cropped_page_48.png,2018.07,6.31k
cropped_page_48.png,2018.10,6.31k
cropped_page_48.png,2019.01,6.31k
cropped_page_48.png,2019.04,6.31k
cropped_page_48.png,2019.07,6.31k
cropped_page_48.png,2019.10,6.31k
cropped_page_48.png,2020.01,6.31k
cropped_page_48.png,2020.04,6.31k
cropped_page_48.png,2020.07,6.31k
cropped_page_48.png,2020.10,6.31k
cropped_page_48.png,2021.01,6.31k
cropped_page_48.png,2021.04,6.31k
cropped_page_48.png,2021.07,6.31k
cropped_page_48.png,2021.10,6.31k
cropped_page_48.png,2022.01,6.31k
cropped_page_48.png,2022.04,6.31k
cropped_page_48.png,2022.07,6.31k
cropped_page_48.png,2022.10,6.31k
cropped_page_48.png,2023.01,6.31k
cropped_page_48.png,2023.04,6.31k
cropped_page_48.png,2023.07,6.31k
cropped_page_48.png,2023.10,6.31k
cropped_page_48.png,2024.01,6.31k
cropped_page_48.png,2024.04,6.31k
cropped_page_48.png,2024.07,6.31k
cropped_page_48.png,2024.10,6.31k
cropped_page_48.png,2025.01,6.31k
cropped_page_48.png,2025.04,6.31k
cropped_page_48.png,2025.07,6.31k
cropped_page_48.png,2025.10,6.31k
cropped_page_49.png,2020.04,0.2K
cropped_page_49.png,2020.07,0.2K
cropped_page_49.png,2021.01,0.2K
cropped_page_49.png,2021.04,0.2K
cropped_page_49.png,2021.07,0.2K
cropped_page_49.png,2021.10,0.2K
cropped_page_49.png,2022.01,0.2K
cropped_page_49.png,2022.04,0.2K
cropped_page_49.png,2022.07,0.2K
cropped_page_49.png,2022.10,0.2K
cropped_page_49.png,2023.01,0.2K
cropped_page_49.png,2023.04,0.2K
cropped_page_49.png,2023.07,0.2K
cropped_page_49.png,2023.10,0.2K
cropped_page_49.png,2024.01,0.2K
cropped_page_49.png,2024.04,0.2K
cropped_page_49.png,2024.07,0.2K
cropped_page_49.png,2025.01,0.2K
cropped_page_49.png,2025.04,0.2K
cropped_page_49.png,2025.07,0.2K
cropped_page_49.png,2025.10,0.2K
cropped_page_50.png,2024.01,6.94k
cropped_page_50.png,2024.02,6.94k
cropped_page_50.png,2024.03,6.24k
cropped_page_50.png,2024.04,6.24k
cropped_page_50.png,2024.05,6.24k
cropped_page_50.png,2024.06,6.24k
cropped_page_50.png,2024.07,6.24k
cropped_page_50.png,2024.08,6.24k
cropped_page_50.png,2024.09,6.24k
cropped_page_50.png,2024.10,6.24k
cropped_page_50.png,2024.11,6.24k
cropped_page_50.png,2024.12,6.24k
cropped_page_50.png,2025.01,6.24k
cropped_page_50.png,2025.02,6.24k
cropped_page_50.png,2025.03,6.24k
cropped_page_50.png,2025.04,6.24k
cropped_page_50.png,2025.05,6.24k
cropped_page_50.png,2025.06,6.24k
cropped_page_50.png,2025.07,6.24k
cropped_page_50.png,2025.08,6.24k
cropped_page_50.png,2025.09,6.24k
cropped_page_51.png,2023.01,5.69k
cropped_page_51.png,2023.02,5.69k
cropped_page_51.png,2023.03,8k
cropped_page_51.png,2023.04,8k
cropped_page_51.png,2023.05,8k
cropped_page_51.png,2023.06,0
cropped_page_51.png,2023.07,0
cropped_page_51.png,2023.08,0
cropped_page_51.png,2023.09,0
cropped_page_51.png,2023.10,0
cropped_page_51.png,2023.11,0
cropped_page_51.png,2023.12,0
cropped_page_51.png,2024.01,0
cropped_page_51.png,2024.02,0
cropped_page_51.png,2024.03,0
cropped_page_51.png,2024.04,0
cropped_page_51.png,2024.05,5.63k
cropped_page_51.png,2024.06,5.63k
cropped_page_51.png,2024.07,5.63k
cropped_page_51.png,2024.08,5.63k
cropped_page_51.png,2024.09,5.63k
cropped_page_51.png,2024.10,5.63k
cropped_page_51.png,2024.11,5.66k
cropped_page_51.png,2024.12,5.66k
cropped_page_51.png,2025.01,5.66k
cropped_page_51.png,2025.02,5.66k
cropped_page_51.png,2025.03,5.66k
cropped_page_51.png,2025.04,5.66k
cropped_page_51.png,2025.05,5.66k
cropped_page_51.png,2025.06,5.66k
cropped_page_51.png,2025.07,5.66k
cropped_page_52.png,2024.01,5.74k
cropped_page_52.png,2024.02,5.74k
cropped_page_52.png,2024.03,5.74k
cropped_page_52.png,2024.04,5.74k
cropped_page_52.png,2024.05,5.74k
cropped_page_52.png,2024.06,5.74k
cropped_page_52.png,2024.07,5.74k
cropped_page_52.png,2024.08,5.74k
cropped_page_52.png,2024.09,5.74k
cropped_page_52.png,2024.10,5.74k
cropped_page_53.png,2020.04,10k
cropped_page_53.png,2020.07,2.70k
cropped_page_53.png,2020.10,2.70k
cropped_page_53.png,2021.01,2.70k
cropped_page_53.png,2021.04,2.70k
cropped_page_53.png,2021.07,10k
cropped_page_53.png,2021.10,15k
cropped_page_53.png,2022.01,4.86k
cropped_page_53.png,2022.04,4.81k
cropped_page_53.png,2022.07,0
cropped_page_53.png,2022.10,0
cropped_page_53.png,2023.01,4.81k
cropped_page_53.png,2023.04,10k
cropped_page_53.png,2023.07,10k
cropped_page_53.png,2023.10,4.81k
cropped_page_53.png,2024.01,4.81k
cropped_page_53.png,2024.04,4.81k
cropped_page_53.png,2024.07,4.81k
cropped_page_53.png,2024.10,4.81k
cropped_page_53.png,2025.01,4.86k
cropped_page_53.png,2025.04,4.86k
cropped_page_53.png,2025.07,4.86k
cropped_page_53.png,2025.10,4.86k
cropped_page_54.png,2019.10,4.6k
cropped_page_54.png,2020.01,4.6k
cropped_page_54.png,2020.04,4.6k
cropped_page_54.png,2020.07,4.6k
cropped_page_54.png,2020.10,4.6k
cropped_page_54.png,2021.01,4.6k
cropped_page_54.png,2021.04,4.6k
cropped_page_54.png,2021.07,4.6k
cropped_page_54.png,2021.10,4.6k
cropped_page_54.png,2022.01,4.6k
cropped_page_54.png,2022.04,4.6k
cropped_page_54.png,2022.07,4.6k
cropped_page_54.png,2022.10,4.6k
cropped_page_54.png,2023.01,4.6k
cropped_page_54.png,2023.04,4.6k
cropped_page_54.png,2023.07,4.6k
cropped_page_54.png,2023.10,4.6k
cropped_page_54.png,2024.01,4.6k
cropped_page_54.png,2024.04,4.6k
cropped_page_54.png,2024.07,4.6k
cropped_page_54.png,2024.10,4.6k
cropped_page_54.png,2025.01,4.6k
cropped_page_54.png,2025.04,4.6k
cropped_page_54.png,2025.07,4.6k
cropped_page_54.png,2025.10,4.6k
cropped_page_55.png,2018.01,3.9K
cropped_page_55.png,2018.04,3.9K
cropped_page_55.png,2018.07,3.9K
cropped_page_55.png,2018.10,3.9K
cropped_page_55.png,2019.01,3.9K
cropped_page_55.png,2019.04,3.9K
cropped_page_55.png,2019.07,3.9K
cropped_page_55.png,2019.10,3.9K
cropped_page_55.png,2020.01,3.9K
cropped_page_55.png,2020.04,3.9K
cropped_page_55.png,2020.07,3.9K
cropped_page_55.png,2020.10,3.9K
cropped_page_55.png,2021.01,3.9K
cropped_page_55.png,2021.04,3.9K
cropped_page_55.png,2021.07,3.9K
cropped_page_55.png,2021.10,3.9K
cropped_page_55.png,2022.01,3.9K
cropped_page_55.png,2022.04,3.9K
cropped_page_55.png,2022.07,3.9K
cropped_page_55.png,2022.10,3.9K
cropped_page_55.png,2023.01,3.9K
cropped_page_55.png,2023.04,3.9K
cropped_page_55.png,2023.07,3.9K
cropped_page_55.png,2023.10,3.9K
cropped_page_55.png,2024.01,3.9K
cropped_page_55.png,2024.04,3.9K
cropped_page_55.png,2024.07,3.9K
cropped_page_55.png,2024.10,3.9K
cropped_page_55.png,2025.01,3.9K
cropped_page_55.png,2025.04,3.9K
cropped_page_55.png,2025.07,3.9K
cropped_page_55.png,2025.10,3.9K
cropped_page_56.png,2007.01,3.1k
cropped_page_56.png,2007.04,3.1k
cropped_page_56.png,2007.07,3.1k
cropped_page_56.png,2007.10,3.1k
cropped_page_56.png,2008.01,3.1k
cropped_page_56.png,2008.04,3.1k
cropped_page_56.png,2008.07,3.1k
cropped_page_56.png,2008.10,3.1k
cropped_page_56.png,2009.01,3.1k
cropped_page_56.png,2009.04,3.1k
cropped_page_56.png,2009.07,3.1k
cropped_page_56.png,2009.10,3.1k
cropped_page_56.png,2010.01,3.1k
cropped_page_56.png,2010.04,3.1k
cropped_page_56.png,2010.07,3.1k
cropped_page_56.png,2010.10,3.1k
cropped_page_56.png,2011.01,3.1k
cropped_page_56.png,2011.04,3.1k
cropped_page_56.png,2011.07,3.1k
cropped_page_56.png,2011.10,3.1k
cropped_page_56.png,2012.01,3.1k
cropped_page_56.png,2012.04,3.1k
cropped_page_56.png,2012.07,3.1k
cropped_page_56.png,2012.10,3.1k
cropped_page_56.png,2013.01,3.1k
cropped_page_56.png,2013.04,3.1k
cropped_page_56.png,2013.07,3.1k
cropped_page_56.png,2013.10,3.1k
cropped_page_56.png,2014.01,3.1k
cropped_page_56.png,2014.04,3.1k
cropped_page_56.png,2014.07,3.1k
cropped_page_56.png,2014.10,3.1k
cropped_page_56.png,2015.01,3.1k
cropped_page_56.png,2015.04,3.1k
cropped_page_56.png,2015.07,3.1k
cropped_page_56.png,2015.10,3.1k
cropped_page_56.png,2016.01,3.1k
cropped_page_56.png,2016.04,3.1k
cropped_page_56.png,2016.07,3.1k
cropped_page_56.png,2016.10,3.1k
cropped_page_56.png,2017.01,3.1k
cropped_page_56.png,2017.04,3.1k
cropped_page_56.png,2017.07,3.1k
cropped_page_56.png,2017.10,3.1k
cropped_page_56.png,2018.01,3.1k
cropped_page_56.png,2018.04,3.1k
cropped_page_56.png,2018.07,3.1k
cropped_page_56.png,2018.10,3.1k
cropped_page_56.png,2019.01,3.1k
cropped_page_56.png,2019.04,3.1k
cropped_page_56.png,2019.07,3.1k
cropped_page_56.png,2019.10,3.1k
cropped_page_56.png,2020.01,3.1k
cropped_page_56.png,2020.01,3.1k
cropped_page_56.png,2020.04,3.1k
cropped_page_56.png,2020.07,3.1k
cropped_page_56.png,2020.10,3.1k
cropped_page_56.png,2020.04,3.1k
cropped_page_56.png,2020.07,3.1k
cropped_page_56.png,2020.10,3.1k
cropped_page_56.png,2021.01,3.1k
cropped_page_56.png,2021.04,3.1k
cropped_page_56.png,2021.07,3.1k
cropped_page_56.png,2021.10,3.1k
cropped_page_56.png,2022.01,3.1k
cropped_page_56.png,2022.04,3.1k
cropped_page_56.png,2022.07,3.1k
cropped_page_56.png,2022.10,3.1k
cropped_page_56.png,2023.01,3.1k
cropped_page_56.png,2023.04,3.1k
cropped_page_56.png,2023.07,3.1k
cropped_page_56.png,2023.10,3.1k
cropped_page_56.png,2024.01,3.1k
cropped_page_56.png,2024.04,3.1k
cropped_page_56.png,2024.07,3.1k
cropped_page_56.png,2024.10,3.1k
cropped_page_56.png,2025.01,3.1k
cropped_page_56.png,2025.04,3.1k
cropped_page_56.png,2025.07,3.1k
cropped_page_56.png,2025.10,3.1k
cropped_page_57.png,2018.07,19.10k
cropped_page_57.png,2018.10,19.10k
cropped_page_57.png,2019.01,19.03k
cropped_page_57.png,2019.04,19.03k
cropped_page_57.png,2019.07,18.96k
cropped_page_57.png,2019.10,19.10k
cropped_page_57.png,2020.01,18.69k
cropped_page_57.png,2020.04,0
cropped_page_57.png,2020.07,0
cropped_page_57.png,2020.10,0
cropped_page_57.png,2021.01,0
cropped_page_57.png,2021.04,0
cropped_page_57.png,2021.07,0
cropped_page_57.png,2021.10,0
cropped_page_57.png,2022.01,64
cropped_page_57.png,2022.04,64
cropped_page_57.png,2022.07,829
cropped_page_57.png,2022.10,829
cropped_page_57.png,2022.13,1.80k
cropped_page_57.png,2023.01,1.80k
cropped_page_57.png,2023.04,1.80k
cropped_page_57.png,2023.07,1.80k
cropped_page_57.png,2024.01,2.22k
cropped_page_57.png,2024.04,2.15k
cropped_page_57.png,2024.07,2.15k
cropped_page_57.png,2024.10,2.22k
cropped_page_57.png,2025.01,2.08k
cropped_page_57.png,2025.04,2.22k
cropped_page_57.png,2025.07,2.15k
cropped_page_57.png,2025.10,2.22k
cropped_page_58.png,2016.07,126.36k
cropped_page_58.png,2016.10,113.64k
cropped_page_58.png,2017.01,100k
cropped_page_58.png,2017.04,100k
cropped_page_58.png,2017.07,84.55k
cropped_page_58.png,2017.10,100k
cropped_page_58.png,2018.01,100k
cropped_page_58.png,2018.04,100k
cropped_page_58.png,2018.07,250k
cropped_page_58.png,2018.10,224.55k
cropped_page_58.png,2019.01,190.00k
cropped_page_58.png,2019.04,170.00k
cropped_page_58.png,2019.07,70.00k
cropped_page_58.png,2019.10,60.00k
cropped_page_58.png,2020.01,60.00k
cropped_page_58.png,2020.04,50k
cropped_page_58.png,2020.07,127.27k
cropped_page_58.png,2020.10,114.55k
cropped_page_58.png,2021.01,160.91k
cropped_page_58.png,2021.04,150k
cropped_page_58.png,2021.07,164.55k
cropped_page_58.png,2021.10,167.27k
cropped_page_58.png,2022.01,6.36k
cropped_page_58.png,2022.04,7.27k
cropped_page_58.png,2022.07,10.00k
cropped_page_58.png,2022.10,11.82k
cropped_page_58.png,2023.01,1.82k
cropped_page_58.png,2023.04,0
cropped_page_58.png,2023.07,1.82k
cropped_page_58.png,2023.10,4.55k
cropped_page_58.png,2024.01,0
cropped_page_58.png,2024.04,0
cropped_page_58.png,2024.07,0
cropped_page_58.png,2024.10,0
cropped_page_58.png,2025.01,0
cropped_page_58.png,2025.04,0
cropped_page_58.png,2025.07,0
cropped_page_58.png,2025.10,0
cropped_page_59.png,2017.07,0
cropped_page_59.png,2017.10,0
cropped_page_59.png,2018.01,0
cropped_page_59.png,2018.04,0
cropped_page_59.png,2018.07,0
cropped_page_59.png,2018.10,0
cropped_page_59.png,2019.01,0
cropped_page_59.png,2019.04,1.25k
cropped_page_59.png,2019.07,0
cropped_page_59.png,2019.10,1.25k
cropped_page_59.png,2020.01,3.75k
cropped_page_59.png,2020.04,0
cropped_page_59.png,2020.07,0
cropped_page_59.png,2020.10,0
cropped_page_59.png,2021.01,50k
cropped_page_59.png,2021.04,238.75k
cropped_page_59.png,2021.07,200k
cropped_page_59.png,2021.10,200k
cropped_page_59.png,2022.01,171.25k
cropped_page_59.png,2022.04,191.25k
cropped_page_59.png,2022.07,200k
cropped_page_59.png,2022.10,200k
cropped_page_59.png,2023.01,192.50k
cropped_page_59.png,2023.04,328.75k
cropped_page_59.png,2023.07,100k
cropped_page_59.png,2023.10,100k
cropped_page_59.png,2024.01,150k
cropped_page_59.png,2024.04,150k
cropped_page_59.png,2024.07,150k
cropped_page_59.png,2024.10,0
cropped_page_59.png,2025.01,0
cropped_page_59.png,2025.04,0
cropped_page_59.png,2025.07,0
cropped_page_59.png,2025.10,0
